problem_id	prompt	answer	pid_target	pid_1	pid_2	pid_3	pid_4	response	r_parsed	correct
0	"Q: Consider a Sudoku grid with the following numbers:
[X 0 0 0 0 0 0 0 0]
[0 0 0 0 5 0 0 6 0]
[0 0 0 0 0 0 0 5 0]
[0 0 0 0 0 0 0 0 6]
[0 0 6 0 0 0 0 0 0]
[0 5 0 0 0 0 0 0 0]
[7 0 0 0 0 0 0 0 0]
[9 0 0 0 0 0 0 0 0]
[1 0 0 0 0 0 0 0 0]
What number must X be?
Hint: use the hidden single technique along the column that contains X.
A: X must be 5

Q: Consider a Sudoku grid with the following numbers:
[0 9 0 0 0 0 0 0 0]
[0 0 0 0 9 0 0 0 0]
[0 0 6 0 0 0 0 0 0]
[X 0 0 0 0 0 0 0 0]
[1 0 0 0 0 0 0 0 0]
[3 0 0 0 0 0 0 0 0]
[0 0 0 6 0 0 0 9 0]
[0 0 0 0 0 0 6 0 0]
[5 0 0 0 0 0 0 0 0]
What number must X be?
Hint: use the hidden single technique along the column that contains X.
A: X must be 6

Q: Consider a Sudoku grid with the following numbers:
[0 0 0 0 X 0 0 0 0]
[6 0 0 0 4 0 0 0 0]
[0 0 0 0 7 0 0 0 0]
[0 0 0 6 0 0 0 0 0]
[0 0 0 0 0 0 0 0 0]
[0 0 0 9 0 0 0 0 0]
[0 9 0 0 0 0 0 0 0]
[0 0 0 0 5 0 0 0 0]
[0 0 6 0 0 0 0 0 9]
What number must X be?
Hint: use the hidden single technique along the column that contains X.
A: X must be 9

Q: Consider a Sudoku grid with the following numbers:
[0 X 0 0 0 0 0 0 0]
[0 7 0 0 0 8 0 0 0]
[0 6 0 0 0 0 0 0 0]
[0 0 0 0 8 9 0 0 0]
[0 1 0 0 0 0 0 0 0]
[0 0 0 0 0 0 0 9 0]
[0 0 9 0 0 0 0 0 0]
[0 0 0 0 0 0 0 0 0]
[0 0 8 0 0 0 0 0 0]
What number must X be?
Hint: use the hidden single technique along the column that contains X.
A: X must be 9

Q: Consider a Sudoku grid with the following numbers:
[2 0 0 0 0 0 0 0 0]
[0 9 0 0 0 0 0 0 0]
[0 0 0 0 0 0 0 0 0]
[0 0 X 0 0 0 0 0 0]
[0 0 7 0 0 0 0 0 0]
[0 0 0 0 0 0 0 9 2]
[0 0 0 0 0 9 0 0 0]
[0 0 4 0 0 2 0 0 0]
[0 0 1 0 0 0 0 0 0]
What number must X be?
Hint: use the hidden single technique along the column that contains X.
A: X must be"	9	137954	359	494	1064	2549	 8	8	False
1	"Q: Consider a Sudoku grid with the following numbers:
[0 0 0 0 0 0 0 1 0]
[0 0 7 5 0 0 0 0 0]
[0 0 0 0 0 0 0 8 0]
[0 0 0 0 0 0 0 X 0]
[7 0 0 0 0 0 0 4 0]
[0 0 0 0 0 5 0 0 0]
[0 0 0 0 0 0 0 0 0]
[0 0 0 0 0 0 7 0 0]
[0 0 0 0 0 0 0 0 5]
What number must X be?
Hint: use the hidden single technique along the column that contains X.
A: X must be 5

Q: Consider a Sudoku grid with the following numbers:
[0 0 0 0 0 0 0 0 0]
[0 0 0 0 0 0 0 0 9]
[0 0 4 0 0 0 0 0 0]
[0 0 0 0 0 0 0 0 0]
[0 0 0 0 0 0 0 0 0]
[0 0 9 0 0 0 0 4 0]
[6 2 0 0 0 0 X 0 5]
[0 0 0 4 0 0 0 0 0]
[0 0 0 9 0 0 0 0 0]
What number must X be?
Hint: use the hidden single technique along the row that contains X.
A: X must be 4

Q: Consider a Sudoku grid with the following numbers:
[0 0 0 0 0 0 0 X 0]
[0 5 0 0 0 0 0 0 0]
[9 0 0 0 0 0 0 2 0]
[0 0 0 0 0 0 5 0 0]
[0 0 0 0 0 0 9 0 0]
[0 0 0 0 0 0 0 0 0]
[0 0 0 0 0 0 0 8 0]
[0 0 5 0 9 0 0 0 0]
[0 0 0 0 0 0 0 4 0]
What number must X be?
Hint: use the hidden single technique along the column that contains X.
A: X must be 5

Q: Consider a Sudoku grid with the following numbers:
[0 0 0 0 0 0 0 0 0]
[0 0 0 0 0 0 0 0 0]
[0 0 9 0 0 8 0 0 0]
[8 9 0 0 0 0 0 0 0]
[0 0 0 0 0 0 0 0 0]
[0 0 0 0 2 0 5 1 X]
[0 0 0 0 0 0 0 0 0]
[0 0 0 0 0 0 0 0 0]
[0 0 0 8 0 9 0 0 0]
What number must X be?
Hint: use the hidden single technique along the row that contains X.
A: X must be 8

Q: Consider a Sudoku grid with the following numbers:
[0 1 7 0 0 0 0 0 0]
[0 0 0 0 0 0 0 0 0]
[0 0 0 0 0 0 0 0 0]
[0 0 0 1 7 0 0 0 0]
[4 0 0 0 0 0 0 0 0]
[0 0 0 0 0 0 1 0 0]
[2 0 0 0 0 0 0 7 0]
[X 0 0 0 0 0 0 0 0]
[9 0 0 0 0 0 0 0 0]
What number must X be?
Hint: use the hidden single technique along the column that contains X.
A: X must be"	1	113594	6614	13379	16109	20624	 4	4	False
2	"Q: Consider a Sudoku grid with the following numbers:
[0 0 0 1 X 7 0 9 0]
[0 8 0 0 0 0 0 0 0]
[0 0 2 0 0 0 0 0 0]
[0 0 0 0 0 0 0 0 0]
[0 0 0 0 0 0 2 0 0]
[0 0 0 0 0 0 0 0 0]
[0 0 8 0 0 0 0 0 0]
[0 0 0 0 0 0 8 0 0]
[0 0 0 0 0 0 0 0 2]
What number must X be?
Hint: use the hidden single technique along the row that contains X.
A: X must be 2

Q: Consider a Sudoku grid with the following numbers:
[0 0 0 0 0 0 0 2 0]
[0 0 0 0 0 0 0 X 0]
[0 9 0 0 5 0 0 0 0]
[0 0 0 0 0 0 0 4 0]
[0 0 0 0 0 0 0 6 0]
[0 0 0 0 0 9 0 0 0]
[0 0 0 0 0 0 0 0 0]
[0 5 0 0 0 0 0 0 0]
[0 0 0 0 0 0 9 0 5]
What number must X be?
Hint: use the hidden single technique along the column that contains X.
A: X must be 9

Q: Consider a Sudoku grid with the following numbers:
[5 0 0 0 0 0 0 0 0]
[0 0 0 0 0 0 0 0 0]
[0 1 0 0 0 0 0 0 0]
[0 0 0 1 0 0 0 5 0]
[0 0 0 0 0 0 0 0 1]
[0 0 3 0 5 0 0 0 0]
[0 0 X 0 0 0 0 0 0]
[0 0 4 0 0 0 0 0 0]
[0 0 7 0 0 0 0 0 0]
What number must X be?
Hint: use the hidden single technique along the column that contains X.
A: X must be 1

Q: Consider a Sudoku grid with the following numbers:
[0 0 0 0 0 0 6 0 1]
[0 0 0 0 0 0 0 0 0]
[0 0 0 0 0 0 0 0 0]
[0 0 0 0 0 0 0 X 0]
[0 0 0 0 0 0 0 3 0]
[0 0 0 0 0 0 0 4 0]
[0 1 0 0 0 0 0 7 0]
[0 6 0 0 0 0 0 0 0]
[0 0 0 1 6 0 0 0 0]
What number must X be?
Hint: use the hidden single technique along the column that contains X.
A: X must be 6

Q: Consider a Sudoku grid with the following numbers:
[0 0 0 0 0 0 0 0 1]
[0 X 7 5 0 2 0 0 0]
[0 0 0 0 0 0 0 9 0]
[1 0 0 0 0 0 0 0 0]
[0 0 0 0 0 0 9 0 0]
[0 0 0 0 0 0 0 0 0]
[0 0 0 0 0 0 0 0 0]
[9 0 0 0 0 0 0 0 0]
[0 0 0 0 1 0 0 0 0]
What number must X be?
Hint: use the hidden single technique along the row that contains X.
A: X must be"	1	218999	23804	23924	24479	27119	 4	4	False
3	"Q: Consider a Sudoku grid with the following numbers:
[0 0 0 0 0 0 0 0 0]
[7 0 0 0 0 0 0 0 0]
[0 2 0 0 0 0 0 0 0]
[0 0 0 0 0 2 0 0 0]
[0 7 0 0 0 0 0 0 0]
[0 0 0 0 0 0 0 0 0]
[4 0 5 X 3 0 0 0 0]
[0 0 0 0 0 0 2 0 0]
[0 0 0 0 0 0 7 0 0]
What number must X be?
Hint: use the hidden single technique along the row that contains X.
A: X must be 2

Q: Consider a Sudoku grid with the following numbers:
[0 0 5 8 0 0 0 0 0]
[0 0 0 0 0 0 0 0 0]
[0 0 0 0 0 0 0 0 0]
[0 9 0 0 0 0 6 X 1]
[0 0 0 0 5 0 0 0 0]
[0 0 0 0 0 8 0 0 0]
[8 0 0 0 0 0 0 0 0]
[0 0 0 0 0 0 0 0 0]
[5 0 0 0 0 0 0 0 0]
What number must X be?
Hint: use the hidden single technique along the row that contains X.
A: X must be 5

Q: Consider a Sudoku grid with the following numbers:
[0 0 0 5 0 0 0 0 0]
[5 0 0 8 0 0 0 0 0]
[0 0 0 0 0 0 0 0 1]
[0 0 0 0 0 0 0 0 3]
[0 0 0 0 0 0 0 0 X]
[0 0 0 0 0 8 0 0 6]
[0 0 0 0 0 0 5 8 0]
[0 0 0 0 0 0 0 0 0]
[0 0 0 0 0 0 0 0 0]
What number must X be?
Hint: use the hidden single technique along the column that contains X.
A: X must be 5

Q: Consider a Sudoku grid with the following numbers:
[0 0 0 0 0 0 3 0 0]
[0 0 0 0 0 0 8 0 0]
[0 0 0 0 3 0 0 0 0]
[0 0 0 0 0 0 0 0 0]
[0 0 0 0 0 0 0 0 0]
[0 0 8 0 0 0 0 0 0]
[0 0 0 0 0 0 0 0 0]
[7 2 0 0 0 0 0 5 X]
[0 0 0 3 8 0 0 0 0]
What number must X be?
Hint: use the hidden single technique along the row that contains X.
A: X must be 8

Q: Consider a Sudoku grid with the following numbers:
[0 0 0 5 2 0 0 0 0]
[0 0 0 0 0 0 6 0 0]
[0 5 0 0 0 0 9 0 0]
[0 0 0 0 0 0 3 0 0]
[0 0 0 2 0 0 0 0 0]
[0 0 0 0 0 0 X 0 0]
[0 0 0 0 0 0 0 0 0]
[0 0 0 0 0 0 0 5 0]
[0 0 0 0 0 0 0 0 2]
What number must X be?
Hint: use the hidden single technique along the column that contains X.
A: X must be"	2	170984	27599	27839	28769	29294	 5	5	False
4	"Q: Consider a Sudoku grid with the following numbers:
[0 X 0 0 0 0 0 0 0]
[0 0 0 1 0 0 0 0 0]
[0 8 0 0 0 0 0 0 0]
[0 0 6 0 0 0 0 0 0]
[0 0 0 0 0 0 0 0 0]
[1 0 0 0 0 0 0 6 0]
[0 0 0 6 0 0 0 0 1]
[0 2 0 0 0 0 0 0 0]
[0 7 0 0 0 0 0 0 0]
What number must X be?
Hint: use the hidden single technique along the column that contains X.
A: X must be 1

Q: Consider a Sudoku grid with the following numbers:
[0 0 0 0 0 0 X 0 0]
[0 6 0 0 0 0 8 0 0]
[0 7 0 0 0 6 0 0 0]
[0 0 0 0 0 0 0 7 0]
[0 0 0 0 0 0 0 0 0]
[0 0 0 0 0 0 0 0 6]
[0 0 0 0 0 0 2 0 0]
[0 0 7 0 0 0 0 0 0]
[0 0 0 0 0 0 4 0 0]
What number must X be?
Hint: use the hidden single technique along the column that contains X.
A: X must be 7

Q: Consider a Sudoku grid with the following numbers:
[0 0 0 0 4 0 0 0 5]
[0 0 0 0 0 3 0 0 0]
[0 0 0 0 0 0 0 0 8]
[0 0 0 0 0 0 3 4 0]
[0 0 0 0 0 0 0 0 0]
[0 0 0 0 0 0 0 0 0]
[0 4 0 0 3 0 0 0 0]
[0 0 0 0 0 0 0 0 X]
[0 0 0 0 0 0 0 0 1]
What number must X be?
Hint: use the hidden single technique along the column that contains X.
A: X must be 3

Q: Consider a Sudoku grid with the following numbers:
[0 4 0 0 0 0 0 0 0]
[0 0 0 X 0 0 0 0 0]
[3 0 0 0 0 0 0 0 4]
[0 0 0 7 0 0 0 0 0]
[0 0 0 9 0 0 0 0 0]
[0 0 0 5 0 0 0 0 0]
[0 0 0 0 0 0 0 0 0]
[0 0 0 0 0 0 0 0 3]
[0 0 0 0 3 4 0 0 0]
What number must X be?
Hint: use the hidden single technique along the column that contains X.
A: X must be 4

Q: Consider a Sudoku grid with the following numbers:
[0 0 0 0 0 0 5 0 0]
[9 0 0 0 0 0 0 0 0]
[0 0 0 0 0 0 X 0 0]
[0 0 0 0 0 0 0 2 0]
[0 0 0 0 0 0 0 0 9]
[0 0 0 0 0 0 0 0 0]
[0 2 0 0 0 0 6 0 0]
[0 9 0 0 2 0 0 0 0]
[0 0 0 0 0 0 4 0 0]
What number must X be?
Hint: use the hidden single technique along the column that contains X.
A: X must be"	9	50384	29984	30869	34724	35309	 8	8	False
5	"Q: Consider a Sudoku grid with the following numbers:
[0 0 0 0 0 0 0 0 0]
[2 4 0 0 0 0 7 0 X]
[0 0 0 9 3 0 0 0 0]
[0 0 0 0 0 0 0 0 0]
[0 0 0 0 0 0 0 9 0]
[0 0 0 0 0 0 0 0 0]
[0 0 0 0 0 0 0 0 0]
[0 0 9 0 0 0 0 3 0]
[0 0 0 3 0 0 0 0 0]
What number must X be?
Hint: use the hidden single technique along the row that contains X.
A: X must be 9

Q: Consider a Sudoku grid with the following numbers:
[0 0 0 6 0 0 0 0 0]
[0 0 0 0 0 0 0 0 0]
[0 6 0 0 3 0 0 0 0]
[0 0 0 0 0 0 0 3 6]
[7 1 8 0 0 X 0 0 0]
[0 0 0 0 0 0 0 0 0]
[0 0 0 3 0 0 0 0 0]
[0 0 0 0 0 0 0 0 0]
[0 0 0 0 0 0 0 0 0]
What number must X be?
Hint: use the hidden single technique along the row that contains X.
A: X must be 3

Q: Consider a Sudoku grid with the following numbers:
[0 0 0 0 0 0 0 0 0]
[0 0 0 0 6 0 0 0 0]
[0 0 0 0 3 0 0 0 0]
[0 0 0 3 0 6 0 0 0]
[0 0 0 0 0 0 0 0 0]
[0 0 0 0 0 0 0 0 0]
[X 4 5 2 0 0 0 0 0]
[0 0 0 0 0 0 6 0 3]
[0 0 0 0 0 0 0 0 0]
What number must X be?
Hint: use the hidden single technique along the row that contains X.
A: X must be 6

Q: Consider a Sudoku grid with the following numbers:
[0 0 0 2 0 0 0 0 0]
[0 0 0 0 6 0 0 0 0]
[4 X 1 0 0 0 0 0 5]
[0 0 0 0 0 0 0 0 0]
[0 0 0 0 0 0 0 6 0]
[0 0 0 0 0 0 2 0 0]
[0 0 0 0 0 0 0 0 0]
[6 0 0 0 0 0 0 0 0]
[0 0 0 0 0 0 0 2 0]
What number must X be?
Hint: use the hidden single technique along the row that contains X.
A: X must be 2

Q: Consider a Sudoku grid with the following numbers:
[5 0 0 0 0 0 0 0 0]
[0 0 0 0 0 0 0 0 0]
[4 0 0 0 0 5 0 0 0]
[0 7 0 0 0 0 0 0 0]
[0 2 0 0 0 0 0 0 0]
[0 0 0 0 4 0 0 0 0]
[0 0 0 0 5 0 4 0 0]
[0 X 0 0 0 0 0 0 0]
[0 3 0 0 0 0 0 0 0]
What number must X be?
Hint: use the hidden single technique along the column that contains X.
A: X must be"	4	139694	36134	37064	39134	42254	 7	7	False
6	"Q: Consider a Sudoku grid with the following numbers:
[0 0 2 0 0 0 0 0 0]
[0 0 8 0 0 0 0 0 0]
[0 0 X 0 0 0 0 0 0]
[0 0 0 0 0 3 5 0 0]
[0 0 4 0 0 0 0 0 0]
[0 0 0 0 5 0 0 0 0]
[0 0 0 0 0 0 0 0 0]
[5 3 0 0 0 0 0 0 0]
[0 0 0 0 3 0 0 0 0]
What number must X be?
Hint: use the hidden single technique along the column that contains X.
A: X must be 5

Q: Consider a Sudoku grid with the following numbers:
[0 0 0 8 0 0 0 2 0]
[0 0 0 0 0 0 0 0 0]
[0 0 0 0 0 0 0 0 0]
[0 0 0 0 0 0 0 0 0]
[0 0 0 2 8 0 0 0 0]
[7 0 6 0 0 0 9 0 X]
[0 8 0 0 0 0 0 0 0]
[0 2 0 0 0 0 0 0 0]
[0 0 0 0 0 0 0 0 0]
What number must X be?
Hint: use the hidden single technique along the row that contains X.
A: X must be 2

Q: Consider a Sudoku grid with the following numbers:
[0 0 0 0 0 0 0 0 0]
[0 4 0 0 0 0 0 0 0]
[0 6 0 0 0 0 0 0 0]
[1 0 0 0 0 0 0 0 0]
[3 0 0 0 0 0 0 0 0]
[5 0 0 0 0 0 0 0 4]
[0 0 0 0 0 0 0 6 0]
[0 0 0 0 6 0 4 0 0]
[X 0 0 0 0 0 0 0 0]
What number must X be?
Hint: use the hidden single technique along the column that contains X.
A: X must be 6

Q: Consider a Sudoku grid with the following numbers:
[0 0 0 0 7 0 0 0 0]
[0 0 0 0 6 0 0 0 0]
[0 0 0 0 9 0 0 3 0]
[0 0 4 0 0 0 0 0 3]
[0 0 0 0 X 0 0 0 0]
[0 0 0 0 0 0 4 0 0]
[0 0 0 0 0 3 0 0 0]
[0 0 0 0 0 0 0 0 0]
[0 0 0 4 0 0 0 0 0]
What number must X be?
Hint: use the hidden single technique along the column that contains X.
A: X must be 4

Q: Consider a Sudoku grid with the following numbers:
[0 0 0 0 5 0 0 0 0]
[0 9 0 0 4 0 0 0 0]
[0 0 2 0 0 0 0 0 0]
[9 2 0 0 0 0 0 0 0]
[0 0 0 0 1 0 0 0 0]
[0 0 0 0 X 0 0 0 0]
[0 0 0 9 0 0 0 0 0]
[0 0 0 2 0 0 0 0 0]
[0 0 0 0 0 0 0 0 0]
What number must X be?
Hint: use the hidden single technique along the column that contains X.
A: X must be"	2	52739	42989	45854	46544	52559	 7	7	False
7	"Q: Consider a Sudoku grid with the following numbers:
[0 0 2 0 0 0 0 0 0]
[0 0 0 0 0 9 0 0 0]
[0 0 0 2 0 0 0 0 0]
[0 0 0 0 1 0 0 0 0]
[0 0 0 0 0 0 9 0 0]
[0 0 0 0 X 0 0 0 0]
[0 0 0 0 7 0 0 0 0]
[0 0 0 0 3 0 0 0 0]
[0 9 0 0 0 0 0 0 2]
What number must X be?
Hint: use the hidden single technique along the column that contains X.
A: X must be 9

Q: Consider a Sudoku grid with the following numbers:
[0 0 0 0 9 0 0 0 0]
[0 8 0 0 0 0 0 0 0]
[3 0 0 0 0 0 8 0 0]
[0 0 0 0 1 0 3 0 0]
[0 0 0 0 6 0 0 0 0]
[0 0 0 0 X 0 0 0 0]
[0 0 0 3 0 8 0 0 0]
[0 0 0 0 0 0 0 0 0]
[0 0 0 0 0 0 0 0 0]
What number must X be?
Hint: use the hidden single technique along the column that contains X.
A: X must be 8

Q: Consider a Sudoku grid with the following numbers:
[0 0 0 0 0 0 0 0 0]
[0 0 0 0 0 0 0 1 0]
[0 0 0 0 0 0 0 0 4]
[0 0 0 0 1 0 0 0 0]
[0 0 0 0 0 0 0 4 0]
[0 0 0 0 0 0 0 0 0]
[0 0 4 0 0 0 0 0 0]
[1 0 0 0 0 0 0 0 0]
[0 0 0 2 0 9 X 0 7]
What number must X be?
Hint: use the hidden single technique along the row that contains X.
A: X must be 1

Q: Consider a Sudoku grid with the following numbers:
[0 0 0 0 0 9 0 0 0]
[0 0 0 0 0 0 0 0 0]
[0 0 0 0 0 3 0 0 0]
[0 0 0 0 7 0 0 0 0]
[0 0 3 0 0 0 9 0 0]
[0 0 9 0 5 0 0 0 0]
[0 0 0 0 6 0 0 0 0]
[0 0 0 0 0 0 0 0 3]
[0 0 0 0 X 0 0 0 0]
What number must X be?
Hint: use the hidden single technique along the column that contains X.
A: X must be 3

Q: Consider a Sudoku grid with the following numbers:
[0 0 0 0 0 0 0 0 4]
[0 0 0 0 0 0 0 0 X]
[5 0 0 0 0 0 0 0 0]
[0 0 5 0 8 0 0 0 0]
[0 0 0 0 0 0 0 0 1]
[8 0 0 0 0 0 0 0 2]
[0 0 0 0 0 0 0 8 0]
[0 0 0 0 0 0 0 0 0]
[0 0 0 0 0 0 0 5 0]
What number must X be?
Hint: use the hidden single technique along the column that contains X.
A: X must be"	5	20684	52904	53084	59669	60389	 1	1	False
8	"Q: Consider a Sudoku grid with the following numbers:
[0 0 0 0 0 0 0 0 0]
[0 0 0 0 0 3 0 0 0]
[0 0 0 0 0 0 0 0 0]
[4 X 2 0 6 0 0 0 0]
[0 0 0 0 0 0 0 1 3]
[0 0 0 0 0 0 0 0 0]
[1 0 0 0 0 0 0 0 0]
[0 0 0 0 0 1 0 0 0]
[0 0 0 3 0 0 0 0 0]
What number must X be?
Hint: use the hidden single technique along the row that contains X.
A: X must be 3

Q: Consider a Sudoku grid with the following numbers:
[0 0 0 0 0 0 0 0 0]
[3 0 0 0 0 0 0 0 0]
[6 0 0 0 0 0 0 0 0]
[0 X 2 0 4 7 0 0 0]
[0 0 0 0 0 0 0 3 6]
[0 0 0 0 0 0 0 0 0]
[0 0 0 0 0 0 6 0 0]
[0 0 0 0 0 0 0 0 0]
[0 0 0 3 0 0 0 0 0]
What number must X be?
Hint: use the hidden single technique along the row that contains X.
A: X must be 3

Q: Consider a Sudoku grid with the following numbers:
[0 0 0 7 3 0 0 0 0]
[0 0 0 0 0 0 0 0 0]
[9 0 0 0 0 0 5 1 X]
[0 0 0 0 0 0 0 0 0]
[0 0 7 0 0 0 0 0 0]
[0 3 0 0 0 0 7 0 0]
[0 0 3 0 0 0 0 0 0]
[0 0 0 0 0 0 0 0 0]
[0 0 0 0 0 0 0 0 0]
What number must X be?
Hint: use the hidden single technique along the row that contains X.
A: X must be 3

Q: Consider a Sudoku grid with the following numbers:
[0 0 3 0 0 0 0 8 0]
[0 0 0 0 0 0 0 3 0]
[0 0 0 0 6 0 0 0 0]
[0 0 0 0 X 0 0 0 0]
[0 0 0 0 7 0 0 0 0]
[0 0 0 0 1 0 0 0 0]
[0 0 0 0 0 0 0 0 0]
[0 0 0 8 0 0 0 0 0]
[0 8 0 0 0 3 0 0 0]
What number must X be?
Hint: use the hidden single technique along the column that contains X.
A: X must be 3

Q: Consider a Sudoku grid with the following numbers:
[0 0 0 0 0 4 0 0 0]
[4 0 0 0 0 8 0 0 0]
[0 0 0 0 0 0 0 0 0]
[0 0 0 0 0 0 0 0 0]
[0 0 0 0 0 0 8 0 0]
[0 0 0 0 0 0 0 0 0]
[0 0 0 0 0 0 0 0 0]
[0 4 8 0 0 0 0 0 0]
[0 0 0 X 3 0 0 7 9]
What number must X be?
Hint: use the hidden single technique along the row that contains X.
A: X must be"	8	96509	60839	61019	66404	68039	 6	6	False
9	"Q: Consider a Sudoku grid with the following numbers:
[0 0 0 X 0 0 0 0 0]
[0 0 0 0 0 0 0 0 2]
[0 0 0 5 0 0 0 0 0]
[0 0 0 4 0 0 0 0 0]
[0 0 0 3 0 0 0 0 0]
[0 0 1 0 0 0 0 2 0]
[0 0 0 0 0 0 1 0 0]
[0 0 0 0 0 2 0 0 0]
[0 0 0 0 1 0 0 0 0]
What number must X be?
Hint: use the hidden single technique along the column that contains X.
A: X must be 2

Q: Consider a Sudoku grid with the following numbers:
[7 0 0 0 0 0 0 0 0]
[0 0 0 0 0 0 0 9 0]
[0 0 0 0 0 0 0 0 0]
[0 7 0 0 0 0 0 0 0]
[9 0 0 0 0 0 0 0 0]
[0 0 0 0 0 0 0 0 0]
[0 0 3 X 5 8 0 0 0]
[0 0 0 0 0 0 7 0 0]
[0 0 0 0 0 0 9 0 0]
What number must X be?
Hint: use the hidden single technique along the row that contains X.
A: X must be 7

Q: Consider a Sudoku grid with the following numbers:
[0 0 7 0 0 0 0 0 0]
[0 0 0 3 0 0 0 0 7]
[0 0 0 0 0 0 0 0 3]
[0 0 0 0 0 0 0 0 0]
[0 0 0 0 0 0 0 0 0]
[0 0 0 0 0 0 0 0 0]
[0 7 0 0 0 0 0 0 0]
[0 0 0 0 1 5 X 6 0]
[0 3 0 0 0 0 0 0 0]
What number must X be?
Hint: use the hidden single technique along the row that contains X.
A: X must be 3

Q: Consider a Sudoku grid with the following numbers:
[0 0 0 0 0 0 0 2 0]
[0 0 0 3 0 0 0 0 0]
[8 2 0 0 0 0 0 0 0]
[0 0 0 0 8 0 0 0 0]
[0 0 0 0 0 0 0 0 0]
[0 0 0 0 2 0 0 0 0]
[0 0 0 7 0 0 0 0 0]
[0 0 0 X 0 0 0 0 0]
[0 0 0 6 0 0 0 0 8]
What number must X be?
Hint: use the hidden single technique along the column that contains X.
A: X must be 2

Q: Consider a Sudoku grid with the following numbers:
[0 0 0 0 0 0 0 0 0]
[0 0 0 0 0 0 0 7 1]
[0 5 0 6 X 3 0 0 0]
[0 0 0 0 0 0 0 0 0]
[0 0 0 0 0 0 0 0 0]
[1 0 7 0 0 0 0 0 0]
[0 7 0 0 0 0 0 0 0]
[0 0 1 0 0 0 0 0 0]
[0 0 0 0 0 0 0 0 0]
What number must X be?
Hint: use the hidden single technique along the row that contains X.
A: X must be"	1	326039	68564	73004	73679	73769	 4	4	False
10	"Q: Consider a Sudoku grid with the following numbers:
[0 0 0 0 0 0 0 0 0]
[0 0 0 6 0 7 0 0 0]
[8 9 0 0 0 0 0 5 X]
[0 0 0 0 0 0 0 0 0]
[0 0 7 0 0 0 0 0 0]
[0 0 6 0 0 0 0 0 0]
[0 0 0 0 0 0 0 0 0]
[0 0 0 0 0 0 7 0 0]
[6 0 0 0 0 0 0 0 0]
What number must X be?
Hint: use the hidden single technique along the row that contains X.
A: X must be 7

Q: Consider a Sudoku grid with the following numbers:
[0 0 0 0 2 0 0 0 0]
[0 0 0 0 0 0 0 0 0]
[0 0 0 0 0 0 0 0 0]
[0 0 0 0 0 0 0 2 0]
[0 0 0 0 0 0 6 0 0]
[0 9 8 1 0 X 0 0 0]
[0 0 6 0 0 0 0 0 0]
[0 0 0 0 6 0 0 0 0]
[2 0 0 0 0 0 0 0 0]
What number must X be?
Hint: use the hidden single technique along the row that contains X.
A: X must be 2

Q: Consider a Sudoku grid with the following numbers:
[0 0 0 X 9 0 0 6 1]
[0 0 0 0 0 0 0 0 0]
[8 7 0 0 0 0 0 0 0]
[0 0 0 0 0 0 0 0 0]
[0 0 0 0 0 0 0 0 0]
[0 0 0 0 0 0 0 8 0]
[0 0 0 0 0 7 8 0 0]
[0 0 0 0 0 0 0 0 0]
[0 0 0 0 0 0 7 0 0]
What number must X be?
Hint: use the hidden single technique along the row that contains X.
A: X must be 7

Q: Consider a Sudoku grid with the following numbers:
[0 0 0 0 0 0 1 0 0]
[0 0 0 0 0 0 X 0 0]
[0 0 0 9 0 0 6 0 0]
[0 0 0 0 8 9 0 0 0]
[0 8 0 0 0 0 0 0 0]
[0 0 0 0 0 0 4 0 0]
[0 0 0 0 0 0 0 9 0]
[0 0 0 0 0 0 0 8 0]
[0 0 0 0 0 0 0 0 0]
What number must X be?
Hint: use the hidden single technique along the column that contains X.
A: X must be 8

Q: Consider a Sudoku grid with the following numbers:
[0 0 0 0 0 0 0 0 0]
[0 0 0 0 0 0 0 7 0]
[0 0 0 0 0 0 0 3 0]
[0 0 0 0 0 0 0 0 0]
[0 0 0 3 0 7 0 0 0]
[0 9 X 0 0 0 5 0 2]
[3 0 0 0 0 0 0 0 0]
[0 0 0 0 0 0 0 0 0]
[0 0 0 0 7 0 0 0 0]
What number must X be?
Hint: use the hidden single technique along the row that contains X.
A: X must be"	3	43874	76154	77339	77819	79814	 6	6	False
11	"Q: Consider a Sudoku grid with the following numbers:
[0 0 0 0 0 0 0 0 4]
[0 0 0 0 0 0 0 6 0]
[0 0 0 0 4 0 0 0 0]
[0 0 0 1 0 8 X 2 0]
[0 4 6 0 0 0 0 0 0]
[0 0 0 0 0 0 0 0 0]
[0 0 0 0 0 0 0 0 6]
[0 0 0 0 0 0 0 0 0]
[0 0 0 0 0 0 0 0 0]
What number must X be?
Hint: use the hidden single technique along the row that contains X.
A: X must be 4

Q: Consider a Sudoku grid with the following numbers:
[0 0 0 0 0 0 0 0 0]
[8 0 1 X 7 0 0 0 0]
[0 0 0 0 0 0 0 5 3]
[0 0 0 0 0 5 0 0 0]
[0 0 0 0 0 3 0 0 0]
[0 0 0 0 0 0 0 0 0]
[0 3 0 0 0 0 0 0 0]
[0 0 0 0 0 0 0 0 0]
[0 0 0 0 0 0 5 0 0]
What number must X be?
Hint: use the hidden single technique along the row that contains X.
A: X must be 3

Q: Consider a Sudoku grid with the following numbers:
[0 0 0 0 0 0 0 8 0]
[0 0 0 0 0 0 0 0 0]
[0 0 0 0 0 0 0 0 0]
[0 0 0 0 8 0 0 0 0]
[0 0 0 0 0 0 0 1 0]
[0 1 0 0 0 0 0 0 0]
[0 8 0 0 0 0 0 0 0]
[0 0 1 0 0 0 0 0 0]
[0 0 0 9 0 7 6 0 X]
What number must X be?
Hint: use the hidden single technique along the row that contains X.
A: X must be 8

Q: Consider a Sudoku grid with the following numbers:
[0 0 0 1 0 0 8 0 0]
[0 0 0 0 0 0 0 0 0]
[0 0 8 0 0 0 0 0 0]
[0 0 0 0 0 0 1 0 0]
[0 0 0 0 0 0 0 0 0]
[0 0 0 0 0 0 0 0 0]
[0 0 0 0 0 0 0 0 0]
[0 0 0 8 0 1 0 0 0]
[5 3 0 0 0 0 0 4 X]
What number must X be?
Hint: use the hidden single technique along the row that contains X.
A: X must be 8

Q: Consider a Sudoku grid with the following numbers:
[X 0 0 0 0 0 0 0 0]
[7 0 0 0 0 0 0 0 0]
[0 0 0 9 0 0 0 0 6]
[5 0 0 0 0 0 0 0 0]
[8 0 0 0 0 0 0 0 0]
[0 0 0 0 0 0 9 0 0]
[0 0 0 6 0 0 0 0 0]
[0 6 0 0 0 0 0 0 0]
[0 9 0 0 0 0 0 0 0]
What number must X be?
Hint: use the hidden single technique along the column that contains X.
A: X must be"	9	344	82139	89039	89444	89459	 5	5	False
12	"Q: Consider a Sudoku grid with the following numbers:
[6 0 2 0 0 0 0 0 0]
[0 0 0 0 0 0 0 0 0]
[0 0 0 0 0 0 0 0 0]
[0 0 0 0 0 0 0 0 0]
[0 5 0 X 8 7 0 0 0]
[0 0 0 0 0 0 0 6 2]
[0 0 0 0 0 0 0 0 0]
[0 0 6 0 0 0 0 0 0]
[0 0 0 0 2 0 0 0 0]
What number must X be?
Hint: use the hidden single technique along the row that contains X.
A: X must be 6

Q: Consider a Sudoku grid with the following numbers:
[0 0 2 0 8 0 0 0 0]
[0 0 8 0 0 0 0 0 0]
[0 0 0 0 0 0 0 0 0]
[0 0 0 0 0 0 2 0 8]
[3 5 0 X 0 7 0 0 0]
[0 0 0 0 0 0 0 0 0]
[0 0 0 0 0 0 0 0 0]
[0 0 0 0 0 0 0 0 0]
[0 0 0 0 0 2 0 0 0]
What number must X be?
Hint: use the hidden single technique along the row that contains X.
A: X must be 8

Q: Consider a Sudoku grid with the following numbers:
[0 0 0 0 0 0 0 0 0]
[0 3 0 0 1 0 0 0 0]
[0 0 1 0 0 0 0 0 0]
[0 0 0 0 0 0 0 0 1]
[X 2 0 5 0 8 0 0 0]
[0 0 0 0 0 0 3 0 0]
[0 0 0 0 0 0 0 0 0]
[0 0 0 0 0 0 0 0 0]
[0 0 0 0 3 0 0 0 0]
What number must X be?
Hint: use the hidden single technique along the row that contains X.
A: X must be 1

Q: Consider a Sudoku grid with the following numbers:
[8 0 0 0 0 0 0 0 0]
[0 0 0 0 0 0 0 0 0]
[0 0 9 0 0 0 0 0 0]
[0 5 0 0 0 0 0 0 0]
[0 1 0 0 0 0 0 0 0]
[0 3 0 0 0 0 9 0 0]
[0 0 0 0 0 0 0 0 8]
[0 X 0 0 0 0 0 0 0]
[0 0 0 0 8 0 0 0 9]
What number must X be?
Hint: use the hidden single technique along the column that contains X.
A: X must be 8

Q: Consider a Sudoku grid with the following numbers:
[0 0 0 0 0 0 0 0 0]
[0 0 9 0 0 0 0 0 0]
[0 0 0 0 0 1 0 0 0]
[9 0 0 0 0 0 0 0 0]
[0 0 0 0 0 0 0 0 0]
[1 0 0 0 0 0 0 0 0]
[0 0 0 0 0 9 0 0 0]
[0 0 0 0 1 0 0 0 0]
[0 6 0 0 0 0 X 5 8]
What number must X be?
Hint: use the hidden single technique along the row that contains X.
A: X must be"	9	12689	90569	90674	91064	92234	 7	7	False
13	"Q: Consider a Sudoku grid with the following numbers:
[4 8 0 0 0 0 0 0 0]
[0 0 0 0 X 0 2 9 5]
[0 0 0 0 0 0 0 0 0]
[0 0 0 0 0 0 0 0 0]
[0 0 0 8 0 4 0 0 0]
[0 0 0 0 0 0 0 0 0]
[0 0 0 0 0 0 0 0 0]
[8 0 0 0 0 0 0 0 0]
[0 0 0 4 0 0 0 0 0]
What number must X be?
Hint: use the hidden single technique along the row that contains X.
A: X must be 4

Q: Consider a Sudoku grid with the following numbers:
[0 0 0 0 0 0 0 0 0]
[0 1 0 0 6 0 0 0 0]
[0 6 0 0 0 0 0 0 0]
[0 0 0 0 0 0 0 1 6]
[5 0 7 X 0 4 0 0 0]
[0 0 0 0 0 0 0 0 0]
[0 0 0 0 0 0 0 0 0]
[0 0 0 0 0 0 0 0 1]
[0 0 0 0 0 0 0 0 0]
What number must X be?
Hint: use the hidden single technique along the row that contains X.
A: X must be 6

Q: Consider a Sudoku grid with the following numbers:
[0 0 0 0 0 0 0 0 0]
[0 0 0 0 0 0 0 0 0]
[0 0 8 0 0 0 0 0 0]
[X 7 0 0 0 0 0 1 4]
[0 0 0 0 3 0 0 0 0]
[0 0 0 0 0 8 0 0 0]
[0 0 3 0 8 0 0 0 0]
[0 0 0 0 0 0 0 0 0]
[0 0 0 0 0 0 3 0 0]
What number must X be?
Hint: use the hidden single technique along the row that contains X.
A: X must be 3

Q: Consider a Sudoku grid with the following numbers:
[0 6 0 0 0 0 0 0 0]
[0 0 0 0 0 0 0 0 0]
[0 0 0 0 0 0 0 8 0]
[X 0 7 0 1 3 0 0 0]
[0 0 0 0 0 0 0 0 8]
[0 0 0 0 0 0 0 6 0]
[0 0 0 6 0 0 0 0 0]
[0 0 0 8 0 0 0 0 0]
[0 0 0 0 0 0 0 0 0]
What number must X be?
Hint: use the hidden single technique along the row that contains X.
A: X must be 6

Q: Consider a Sudoku grid with the following numbers:
[0 0 0 0 0 0 7 0 0]
[0 0 0 0 0 X 0 0 0]
[0 0 0 0 0 8 0 0 0]
[0 0 0 0 0 0 0 0 0]
[0 0 0 4 7 0 0 0 0]
[0 4 0 0 0 0 0 0 0]
[0 0 0 0 0 6 0 0 0]
[7 0 0 0 0 0 4 0 0]
[0 0 0 0 0 9 0 0 0]
What number must X be?
Hint: use the hidden single technique along the column that contains X.
A: X must be"	7	4184	93914	96749	98624	98744	 4	4	False
14	"Q: Consider a Sudoku grid with the following numbers:
[0 0 0 0 0 8 0 0 0]
[0 0 0 0 0 0 0 0 0]
[0 0 0 0 0 6 0 0 0]
[0 0 0 0 0 0 0 0 0]
[6 0 0 0 0 0 8 0 0]
[0 0 0 0 0 0 0 0 0]
[0 0 0 0 0 0 0 0 0]
[0 0 0 X 7 0 0 5 9]
[8 0 6 0 0 0 0 0 0]
What number must X be?
Hint: use the hidden single technique along the row that contains X.
A: X must be 8

Q: Consider a Sudoku grid with the following numbers:
[0 0 0 9 0 0 0 0 0]
[0 2 1 0 0 0 0 0 0]
[0 0 0 8 0 0 0 0 0]
[0 0 0 0 0 2 0 0 0]
[0 0 0 0 0 0 0 2 0]
[0 0 0 0 0 1 0 0 0]
[0 0 0 0 0 0 0 0 1]
[0 0 0 7 0 0 0 0 0]
[0 0 0 X 0 0 0 0 0]
What number must X be?
Hint: use the hidden single technique along the column that contains X.
A: X must be 1

Q: Consider a Sudoku grid with the following numbers:
[7 0 0 0 0 0 0 0 0]
[8 0 0 0 0 0 0 0 0]
[0 0 0 X 0 6 9 2 0]
[0 0 0 0 0 0 0 0 8]
[0 0 0 0 0 0 0 0 0]
[0 0 0 0 0 0 0 0 7]
[0 7 0 0 0 0 0 0 0]
[0 0 0 0 8 0 0 0 0]
[0 0 0 0 0 0 0 0 0]
What number must X be?
Hint: use the hidden single technique along the row that contains X.
A: X must be 8

Q: Consider a Sudoku grid with the following numbers:
[0 0 0 0 0 0 0 0 0]
[X 0 5 0 0 0 0 1 8]
[0 0 0 0 4 2 0 0 0]
[0 2 0 0 0 0 4 0 0]
[0 0 0 0 0 0 0 0 0]
[0 0 0 0 0 0 0 0 0]
[0 0 0 0 0 0 0 0 0]
[0 0 0 0 0 0 0 2 0]
[0 4 0 0 0 0 0 0 0]
What number must X be?
Hint: use the hidden single technique along the row that contains X.
A: X must be 4

Q: Consider a Sudoku grid with the following numbers:
[0 0 0 0 0 0 4 0 0]
[0 0 0 4 0 0 0 0 0]
[0 0 0 5 0 0 0 0 0]
[5 0 0 0 0 0 0 0 0]
[0 0 4 0 0 0 0 0 0]
[0 0 0 0 X 1 0 7 6]
[0 0 0 0 0 0 0 0 0]
[0 0 0 0 0 0 0 0 0]
[0 5 0 0 0 0 0 0 0]
What number must X be?
Hint: use the hidden single technique along the row that contains X.
A: X must be"	4	179444	101534	101669	102284	104924	 8	8	False
15	"Q: Consider a Sudoku grid with the following numbers:
[0 0 0 0 0 0 0 0 7]
[0 0 0 0 0 0 0 0 0]
[0 0 0 0 0 7 0 0 0]
[0 0 8 0 0 0 0 0 0]
[0 0 0 0 0 8 0 0 0]
[0 0 0 0 0 0 0 0 0]
[0 0 0 0 0 0 0 7 0]
[0 0 0 0 0 0 8 0 0]
[6 4 0 2 X 0 0 0 0]
What number must X be?
Hint: use the hidden single technique along the row that contains X.
A: X must be 8

Q: Consider a Sudoku grid with the following numbers:
[8 0 0 0 0 0 0 4 0]
[4 0 0 0 0 0 0 0 0]
[0 0 0 0 0 0 0 0 0]
[0 0 0 8 0 0 4 0 0]
[0 0 0 0 0 0 8 0 0]
[0 0 6 0 0 0 0 0 0]
[0 0 9 0 0 0 0 0 0]
[0 0 7 0 0 0 0 0 0]
[0 0 X 0 0 0 0 0 0]
What number must X be?
Hint: use the hidden single technique along the column that contains X.
A: X must be 8

Q: Consider a Sudoku grid with the following numbers:
[0 8 6 0 0 0 9 X 0]
[0 0 0 0 0 0 0 0 0]
[0 0 0 5 0 4 0 0 0]
[5 0 0 0 0 0 0 0 0]
[4 0 0 0 0 0 0 0 0]
[0 0 0 0 0 0 0 0 0]
[0 0 0 0 0 0 5 0 0]
[0 0 0 0 0 0 0 0 4]
[0 0 0 0 0 0 0 0 0]
What number must X be?
Hint: use the hidden single technique along the row that contains X.
A: X must be 4

Q: Consider a Sudoku grid with the following numbers:
[0 0 5 0 4 0 0 0 0]
[0 0 0 3 0 0 4 0 0]
[0 0 6 0 0 0 0 0 0]
[0 0 0 0 0 0 0 0 0]
[0 4 0 0 0 0 0 0 0]
[0 3 0 0 0 0 0 0 0]
[0 0 0 0 0 0 3 0 0]
[0 0 9 0 0 0 0 0 0]
[0 0 X 0 0 0 0 0 0]
What number must X be?
Hint: use the hidden single technique along the column that contains X.
A: X must be 3

Q: Consider a Sudoku grid with the following numbers:
[0 0 0 7 0 0 0 0 0]
[8 3 X 0 0 0 0 0 9]
[0 0 0 0 0 2 0 0 0]
[0 0 0 0 0 0 7 2 0]
[0 0 0 0 0 0 0 0 0]
[0 0 0 0 0 0 0 0 0]
[0 0 0 0 0 0 2 0 0]
[0 0 0 0 0 0 0 0 0]
[0 0 0 0 0 7 0 0 0]
What number must X be?
Hint: use the hidden single technique along the row that contains X.
A: X must be"	2	336959	106049	106259	107594	107639	 4	4	False
16	"Q: Consider a Sudoku grid with the following numbers:
[0 0 0 0 0 0 0 0 0]
[0 7 2 0 0 0 0 0 0]
[0 0 0 0 0 0 0 0 0]
[6 0 0 0 0 0 0 7 0]
[9 0 0 0 0 0 0 0 0]
[0 0 0 0 0 0 2 0 0]
[3 0 0 0 0 0 0 0 0]
[X 0 0 0 0 0 0 0 0]
[0 0 0 0 0 0 7 0 2]
What number must X be?
Hint: use the hidden single technique along the column that contains X.
A: X must be 2

Q: Consider a Sudoku grid with the following numbers:
[0 0 0 0 0 0 0 0 0]
[0 0 0 0 0 0 0 0 0]
[0 0 4 0 0 0 0 0 0]
[0 0 0 0 0 0 0 0 0]
[0 4 8 0 0 0 0 0 0]
[0 0 0 0 0 0 8 0 0]
[0 0 0 0 0 0 0 0 0]
[X 1 0 0 0 0 0 7 6]
[0 0 0 8 4 0 0 0 0]
What number must X be?
Hint: use the hidden single technique along the row that contains X.
A: X must be 8

Q: Consider a Sudoku grid with the following numbers:
[0 0 0 0 0 0 0 0 0]
[0 0 0 0 0 0 0 0 0]
[0 0 0 9 0 3 0 0 0]
[0 0 0 0 X 8 4 0 6]
[9 3 0 0 0 0 0 0 0]
[0 0 0 0 0 0 0 0 0]
[0 0 0 0 0 0 0 9 0]
[0 0 0 3 0 0 0 0 0]
[0 0 0 0 0 0 0 0 0]
What number must X be?
Hint: use the hidden single technique along the row that contains X.
A: X must be 9

Q: Consider a Sudoku grid with the following numbers:
[0 0 0 0 0 9 0 0 0]
[0 0 0 0 0 0 0 0 0]
[0 0 0 0 7 0 0 0 0]
[0 0 0 X 0 0 0 0 0]
[0 0 0 0 0 0 0 0 7]
[0 0 0 5 0 0 0 0 0]
[9 0 0 6 0 0 0 0 0]
[0 0 0 8 0 0 0 0 0]
[0 0 0 0 0 0 0 7 9]
What number must X be?
Hint: use the hidden single technique along the column that contains X.
A: X must be 7

Q: Consider a Sudoku grid with the following numbers:
[0 0 0 0 0 0 0 7 0]
[5 0 0 0 0 0 0 0 0]
[X 0 0 0 0 0 0 0 0]
[0 0 9 0 0 0 0 0 0]
[0 0 7 0 0 0 0 0 0]
[0 0 0 0 0 0 0 0 0]
[0 0 0 0 0 0 0 9 7]
[8 0 0 0 0 0 0 0 0]
[1 0 0 0 0 9 0 0 0]
What number must X be?
Hint: use the hidden single technique along the column that contains X.
A: X must be"	7	251159	113429	113984	115139	116489	 5	5	False
17	"Q: Consider a Sudoku grid with the following numbers:
[X 2 4 0 0 0 0 8 0]
[0 0 0 0 9 0 0 0 0]
[0 0 0 6 0 0 0 0 0]
[0 0 0 0 0 0 9 0 6]
[0 0 0 0 0 0 0 0 0]
[0 0 0 0 0 6 0 0 0]
[0 0 0 0 0 0 0 0 0]
[0 0 0 0 0 0 0 0 0]
[0 0 0 0 0 0 0 0 9]
What number must X be?
Hint: use the hidden single technique along the row that contains X.
A: X must be 9

Q: Consider a Sudoku grid with the following numbers:
[X 0 0 0 0 0 0 0 0]
[9 0 0 0 0 0 0 0 0]
[0 0 0 0 0 0 3 0 0]
[0 0 0 0 7 3 0 0 0]
[8 0 0 0 0 0 0 7 0]
[5 0 0 0 0 0 0 0 0]
[0 0 0 0 0 0 0 0 0]
[0 0 7 0 0 0 0 0 0]
[0 0 3 0 0 0 0 0 0]
What number must X be?
Hint: use the hidden single technique along the column that contains X.
A: X must be 3

Q: Consider a Sudoku grid with the following numbers:
[0 0 6 0 0 0 0 0 0]
[0 0 2 0 0 0 0 0 0]
[0 0 0 0 0 0 6 0 0]
[0 0 0 0 0 0 0 0 0]
[0 0 0 0 0 0 0 0 0]
[2 0 0 0 0 0 0 0 0]
[0 X 0 9 3 1 0 0 0]
[0 0 0 0 0 0 0 0 2]
[0 0 0 0 0 0 0 0 6]
What number must X be?
Hint: use the hidden single technique along the row that contains X.
A: X must be 2

Q: Consider a Sudoku grid with the following numbers:
[0 0 0 0 7 6 0 0 0]
[0 0 0 0 0 0 0 0 0]
[0 0 0 0 0 0 0 0 7]
[7 0 0 0 0 0 6 0 0]
[0 0 0 2 0 0 0 0 0]
[0 0 0 3 0 0 0 0 0]
[0 0 6 0 0 0 0 0 0]
[0 0 0 X 0 0 0 0 0]
[0 0 0 4 0 0 0 0 0]
What number must X be?
Hint: use the hidden single technique along the column that contains X.
A: X must be 6

Q: Consider a Sudoku grid with the following numbers:
[0 0 0 0 0 9 0 0 0]
[0 0 0 0 0 X 0 0 0]
[0 0 0 0 0 0 0 6 0]
[0 1 0 6 0 0 0 0 0]
[0 0 0 0 0 0 0 0 0]
[0 0 0 0 1 0 0 0 0]
[6 0 1 0 0 0 0 0 0]
[0 0 0 0 0 4 0 0 0]
[0 0 0 0 0 2 0 0 0]
What number must X be?
Hint: use the hidden single technique along the column that contains X.
A: X must be"	6	181259	117884	118619	118874	120284	 4	4	False
18	"Q: Consider a Sudoku grid with the following numbers:
[0 0 0 0 0 0 0 0 0]
[0 7 6 0 0 0 0 0 0]
[0 0 0 6 0 0 0 0 0]
[8 0 0 0 0 0 0 0 0]
[9 0 0 0 0 0 0 0 0]
[2 0 0 0 0 0 0 0 0]
[0 0 0 0 7 0 0 0 0]
[X 0 0 0 0 0 0 0 0]
[0 0 0 0 0 0 7 0 6]
What number must X be?
Hint: use the hidden single technique along the column that contains X.
A: X must be 7

Q: Consider a Sudoku grid with the following numbers:
[0 0 0 0 0 3 0 0 0]
[0 0 0 0 0 X 0 0 0]
[0 0 0 0 0 0 0 6 0]
[0 0 0 0 0 0 0 0 0]
[0 0 0 0 0 0 0 0 5]
[0 0 0 5 6 0 0 0 0]
[6 0 5 0 0 0 0 0 0]
[0 0 0 0 0 4 0 0 0]
[0 0 0 0 0 9 0 0 0]
What number must X be?
Hint: use the hidden single technique along the column that contains X.
A: X must be 6

Q: Consider a Sudoku grid with the following numbers:
[5 0 0 0 0 0 0 7 0]
[0 0 0 0 3 0 0 0 0]
[0 0 0 0 0 0 0 5 0]
[0 0 0 0 0 0 0 0 0]
[0 0 0 0 0 5 0 0 0]
[0 0 0 7 0 0 0 0 0]
[0 0 0 0 4 0 0 0 7]
[0 0 0 0 X 0 0 0 0]
[0 0 0 0 2 0 0 0 0]
What number must X be?
Hint: use the hidden single technique along the column that contains X.
A: X must be 5

Q: Consider a Sudoku grid with the following numbers:
[0 0 1 0 0 0 0 0 0]
[0 0 0 0 0 3 0 0 0]
[0 0 0 0 0 0 0 0 0]
[0 0 0 0 0 0 0 0 1]
[0 0 0 0 0 0 0 0 0]
[0 0 0 0 0 0 0 0 3]
[0 0 0 0 3 0 0 0 0]
[4 X 0 0 0 0 7 2 0]
[0 0 0 1 0 0 0 0 0]
What number must X be?
Hint: use the hidden single technique along the row that contains X.
A: X must be 1

Q: Consider a Sudoku grid with the following numbers:
[0 0 0 0 0 0 0 0 3]
[0 0 0 3 0 0 0 0 0]
[0 0 0 0 0 0 0 0 0]
[0 0 0 0 0 0 0 0 0]
[0 0 2 0 0 0 0 0 0]
[0 0 0 2 0 0 0 0 0]
[X 9 0 0 7 5 0 0 0]
[0 0 0 0 0 0 2 3 0]
[0 0 0 0 0 0 0 0 0]
What number must X be?
Hint: use the hidden single technique along the row that contains X.
A: X must be"	2	17339	120899	123914	128624	129974	 8	8	False
19	"Q: Consider a Sudoku grid with the following numbers:
[0 0 0 0 0 2 0 0 0]
[0 0 0 0 0 0 0 0 0]
[0 0 0 0 0 0 0 0 0]
[7 0 0 0 0 0 0 0 0]
[0 0 0 0 0 0 0 0 2]
[0 0 0 0 0 0 0 0 7]
[0 7 2 0 0 0 0 0 0]
[0 0 0 0 0 0 0 0 0]
[0 0 0 6 1 0 4 X 0]
What number must X be?
Hint: use the hidden single technique along the row that contains X.
A: X must be 2

Q: Consider a Sudoku grid with the following numbers:
[0 7 0 X 3 2 0 0 0]
[0 0 0 0 0 0 5 0 0]
[0 0 0 0 0 0 1 0 0]
[5 0 0 0 0 0 0 0 0]
[0 0 0 0 0 0 0 0 0]
[0 0 1 0 0 0 0 0 0]
[0 0 0 0 0 0 0 0 0]
[0 0 5 0 0 0 0 0 0]
[0 0 0 0 0 0 0 1 0]
What number must X be?
Hint: use the hidden single technique along the row that contains X.
A: X must be 5

Q: Consider a Sudoku grid with the following numbers:
[0 0 0 0 0 0 6 0 0]
[0 0 0 6 0 0 0 9 0]
[0 0 0 0 0 0 0 0 0]
[0 0 0 0 0 0 0 0 0]
[0 0 0 0 0 0 0 0 0]
[0 0 0 0 0 0 9 0 0]
[0 0 0 0 0 0 0 0 0]
[0 0 0 5 1 7 0 0 X]
[6 0 9 0 0 0 0 0 0]
What number must X be?
Hint: use the hidden single technique along the row that contains X.
A: X must be 9

Q: Consider a Sudoku grid with the following numbers:
[0 0 0 7 0 0 0 0 0]
[0 0 0 X 0 0 0 0 0]
[0 0 0 0 0 0 0 6 0]
[0 0 0 0 0 8 0 0 0]
[0 8 0 0 6 0 0 0 0]
[0 0 0 0 0 0 0 0 0]
[0 0 0 1 0 0 0 0 0]
[0 0 8 0 0 0 6 0 0]
[0 0 0 2 0 0 0 0 0]
What number must X be?
Hint: use the hidden single technique along the column that contains X.
A: X must be 6

Q: Consider a Sudoku grid with the following numbers:
[0 1 0 0 0 0 0 0 0]
[0 0 0 0 0 0 0 0 0]
[0 0 0 0 0 0 0 0 0]
[0 0 0 0 0 0 0 0 0]
[0 0 0 0 0 0 1 6 0]
[7 0 5 3 X 0 0 0 0]
[0 0 0 1 0 0 0 0 0]
[0 0 0 0 0 6 0 0 0]
[0 6 0 0 0 0 0 0 0]
What number must X be?
Hint: use the hidden single technique along the row that contains X.
A: X must be"	6	283244	131219	135119	136979	141089	 4	4	False
20	"Q: Consider a Sudoku grid with the following numbers:
[0 0 0 0 0 0 0 0 0]
[0 0 3 0 0 0 0 0 0]
[0 0 7 0 0 0 0 0 0]
[0 0 0 0 0 0 3 0 0]
[7 0 0 0 0 0 0 0 0]
[0 0 0 0 0 0 0 0 0]
[0 X 0 0 0 0 2 5 9]
[0 0 0 7 0 3 0 0 0]
[0 0 0 0 0 0 0 0 0]
What number must X be?
Hint: use the hidden single technique along the row that contains X.
A: X must be 7

Q: Consider a Sudoku grid with the following numbers:
[0 0 0 0 0 0 0 0 1]
[0 0 0 0 0 0 0 0 6]
[0 0 0 0 0 0 0 0 0]
[0 0 0 6 0 1 0 0 0]
[9 5 0 0 0 0 X 3 0]
[0 0 0 0 0 0 0 0 0]
[0 0 0 0 0 0 0 0 0]
[0 0 0 0 6 0 0 0 0]
[0 0 1 0 0 0 0 0 0]
What number must X be?
Hint: use the hidden single technique along the row that contains X.
A: X must be 1

Q: Consider a Sudoku grid with the following numbers:
[0 0 0 0 0 0 0 0 0]
[0 0 0 0 0 5 0 0 0]
[0 0 0 0 7 0 0 0 0]
[7 0 0 4 0 0 0 0 0]
[0 0 0 X 0 0 0 0 0]
[0 0 0 8 0 0 0 0 0]
[0 0 0 0 0 0 0 5 0]
[0 0 0 9 0 0 0 0 0]
[5 7 0 0 0 0 0 0 0]
What number must X be?
Hint: use the hidden single technique along the column that contains X.
A: X must be 5

Q: Consider a Sudoku grid with the following numbers:
[0 0 0 0 0 0 0 0 0]
[0 0 0 0 0 7 0 0 0]
[0 0 0 0 0 9 0 0 0]
[0 0 0 0 0 0 0 0 0]
[0 0 0 X 0 0 1 6 5]
[7 0 9 0 0 0 0 0 0]
[0 0 0 0 7 0 0 0 0]
[0 0 0 0 0 0 0 0 0]
[0 0 0 0 0 0 0 9 0]
What number must X be?
Hint: use the hidden single technique along the row that contains X.
A: X must be 7

Q: Consider a Sudoku grid with the following numbers:
[0 0 0 0 0 0 0 0 0]
[0 0 0 0 4 0 0 0 0]
[0 0 0 0 0 0 0 0 0]
[0 0 9 0 0 0 0 0 0]
[0 0 0 0 0 4 0 0 0]
[0 0 0 0 9 0 0 0 0]
[0 0 0 7 0 0 1 3 X]
[0 0 0 0 0 0 0 0 0]
[0 9 4 0 0 0 0 0 0]
What number must X be?
Hint: use the hidden single technique along the row that contains X.
A: X must be"	4	321509	149204	155009	156209	160394	 8	8	False
21	"Q: Consider a Sudoku grid with the following numbers:
[0 0 0 0 6 0 0 0 0]
[0 0 0 0 0 7 0 0 0]
[0 0 0 0 0 0 0 0 0]
[9 5 1 X 0 0 0 0 0]
[0 0 0 0 0 0 0 0 0]
[0 0 0 0 0 0 0 6 7]
[6 0 0 0 0 0 0 0 0]
[0 0 0 0 7 0 0 0 0]
[0 0 0 0 0 0 0 0 0]
What number must X be?
Hint: use the hidden single technique along the row that contains X.
A: X must be 7

Q: Consider a Sudoku grid with the following numbers:
[0 0 0 0 0 0 0 0 0]
[0 0 0 0 0 0 0 0 0]
[0 0 0 0 0 0 0 4 0]
[0 0 0 0 X 7 5 0 6]
[1 0 0 0 0 0 0 0 0]
[4 0 0 0 0 0 0 0 0]
[0 0 0 4 0 0 0 0 0]
[0 0 0 1 0 0 0 0 0]
[0 0 0 0 0 0 1 0 0]
What number must X be?
Hint: use the hidden single technique along the row that contains X.
A: X must be 4

Q: Consider a Sudoku grid with the following numbers:
[0 0 0 4 0 1 0 0 0]
[0 0 0 0 0 0 0 0 0]
[4 0 0 0 0 0 0 0 0]
[1 0 0 0 0 0 0 0 0]
[0 0 0 0 X 0 0 0 0]
[0 0 0 0 5 0 0 0 0]
[0 0 4 0 0 0 0 1 0]
[0 0 0 0 9 0 0 0 0]
[0 0 0 0 8 0 0 0 0]
What number must X be?
Hint: use the hidden single technique along the column that contains X.
A: X must be 1

Q: Consider a Sudoku grid with the following numbers:
[0 0 0 0 0 0 0 0 5]
[0 0 0 0 4 0 0 0 0]
[0 0 0 0 X 0 0 0 0]
[0 0 0 0 0 0 0 0 0]
[0 0 0 0 0 0 0 0 0]
[0 0 0 8 0 5 0 0 0]
[8 0 0 0 0 0 5 0 0]
[0 0 0 0 7 0 0 0 8]
[0 0 0 0 3 0 0 0 0]
What number must X be?
Hint: use the hidden single technique along the column that contains X.
A: X must be 5

Q: Consider a Sudoku grid with the following numbers:
[0 0 0 8 0 0 0 0 0]
[0 0 0 0 0 0 0 0 0]
[0 0 0 4 0 0 0 0 0]
[0 0 0 0 0 0 0 0 0]
[0 0 0 0 0 0 0 0 0]
[0 0 0 0 0 4 0 8 0]
[8 0 0 0 0 0 0 0 0]
[0 0 0 0 5 0 3 9 X]
[0 4 0 0 0 0 0 0 0]
What number must X be?
Hint: use the hidden single technique along the row that contains X.
A: X must be"	4	247094	161504	163184	163334	164114	 7	7	False
22	"Q: Consider a Sudoku grid with the following numbers:
[0 0 0 X 0 0 0 0 0]
[0 0 0 4 0 0 0 0 0]
[0 0 0 3 0 0 0 0 0]
[0 0 0 0 0 0 0 0 0]
[8 0 0 0 5 0 0 0 0]
[0 0 0 0 8 0 0 0 0]
[0 0 0 7 0 0 0 0 0]
[5 8 0 0 0 0 0 0 0]
[0 0 0 0 0 0 0 5 0]
What number must X be?
Hint: use the hidden single technique along the column that contains X.
A: X must be 5

Q: Consider a Sudoku grid with the following numbers:
[0 0 0 0 0 0 0 0 3]
[0 0 0 0 0 0 0 7 0]
[1 X 8 2 0 0 0 0 0]
[0 0 0 0 7 0 0 0 0]
[0 0 0 0 3 0 0 0 0]
[0 0 0 0 0 0 0 0 0]
[0 0 0 0 0 3 0 0 0]
[0 0 0 0 0 0 0 0 0]
[0 0 0 0 0 0 7 0 0]
What number must X be?
Hint: use the hidden single technique along the row that contains X.
A: X must be 3

Q: Consider a Sudoku grid with the following numbers:
[0 0 0 0 0 0 0 0 0]
[0 0 0 0 0 0 0 0 1]
[0 0 0 0 0 0 0 8 0]
[0 0 0 0 0 0 3 0 0]
[0 0 0 0 0 0 5 0 0]
[0 8 0 0 1 0 0 0 0]
[0 0 0 8 0 0 0 0 0]
[0 0 0 0 0 0 X 0 0]
[0 0 0 0 0 1 2 0 0]
What number must X be?
Hint: use the hidden single technique along the column that contains X.
A: X must be 8

Q: Consider a Sudoku grid with the following numbers:
[0 4 0 0 2 0 0 0 0]
[0 1 0 0 0 0 0 0 0]
[0 X 0 0 0 0 0 0 0]
[0 0 2 0 0 0 0 0 0]
[3 0 0 0 0 0 0 0 0]
[0 0 0 0 0 0 0 0 0]
[0 0 0 0 0 0 0 3 0]
[0 9 0 0 0 0 0 0 0]
[0 0 0 0 3 2 0 0 0]
What number must X be?
Hint: use the hidden single technique along the column that contains X.
A: X must be 3

Q: Consider a Sudoku grid with the following numbers:
[0 3 0 0 0 0 0 0 0]
[0 9 0 0 0 0 0 0 0]
[0 0 0 0 0 3 0 0 0]
[0 0 8 0 0 0 0 0 0]
[0 0 2 0 0 0 0 0 0]
[0 0 0 9 3 0 0 0 0]
[0 0 0 0 0 0 0 0 9]
[0 0 1 0 0 0 0 0 0]
[0 0 X 0 0 0 0 0 0]
What number must X be?
Hint: use the hidden single technique along the column that contains X.
A: X must be"	9	78809	164969	166844	169919	169949	 8	8	False
23	"Q: Consider a Sudoku grid with the following numbers:
[0 0 0 0 0 0 0 0 0]
[0 0 0 0 0 0 0 0 4]
[0 0 0 0 4 0 0 0 2]
[0 0 4 0 0 0 0 0 0]
[0 0 0 1 0 7 X 6 0]
[0 0 2 0 0 0 0 0 0]
[0 0 0 2 0 0 0 0 0]
[0 0 0 0 0 0 0 0 0]
[0 0 0 0 0 0 0 0 0]
What number must X be?
Hint: use the hidden single technique along the row that contains X.
A: X must be 4

Q: Consider a Sudoku grid with the following numbers:
[0 0 0 0 0 0 0 0 0]
[0 9 0 0 0 0 0 0 6]
[0 0 0 0 9 0 0 0 0]
[0 0 0 2 0 X 1 7 0]
[0 6 9 0 0 0 0 0 0]
[0 0 0 0 0 0 0 0 0]
[0 0 0 0 6 0 0 0 0]
[0 0 0 0 0 0 0 0 0]
[0 0 0 0 0 0 0 0 0]
What number must X be?
Hint: use the hidden single technique along the row that contains X.
A: X must be 6

Q: Consider a Sudoku grid with the following numbers:
[0 0 0 0 0 0 5 0 0]
[0 0 0 0 0 0 0 0 0]
[0 0 0 0 0 0 9 0 0]
[5 0 0 0 0 0 0 0 0]
[0 0 0 7 8 3 0 X 0]
[0 0 9 0 0 0 0 0 0]
[0 0 0 0 0 0 0 0 9]
[0 0 0 0 5 0 0 0 0]
[0 0 0 0 0 0 0 0 0]
What number must X be?
Hint: use the hidden single technique along the row that contains X.
A: X must be 9

Q: Consider a Sudoku grid with the following numbers:
[0 3 0 0 0 0 0 0 0]
[0 X 0 0 0 0 0 0 0]
[0 0 0 2 0 0 0 6 0]
[0 1 0 0 0 0 0 0 0]
[0 0 0 0 0 0 6 0 0]
[0 9 0 0 0 0 2 0 0]
[0 0 0 0 0 0 0 0 0]
[0 0 2 0 0 0 0 0 0]
[6 0 0 0 0 0 0 0 0]
What number must X be?
Hint: use the hidden single technique along the column that contains X.
A: X must be 6

Q: Consider a Sudoku grid with the following numbers:
[0 0 0 0 0 0 9 0 0]
[0 0 0 2 0 0 1 0 0]
[5 0 0 0 0 0 0 0 0]
[0 0 0 0 0 0 0 0 5]
[0 0 0 0 0 0 0 0 2]
[0 0 0 0 0 0 0 0 0]
[0 0 0 0 0 0 X 0 0]
[0 2 0 0 0 5 0 0 0]
[0 0 0 0 0 0 4 0 0]
What number must X be?
Hint: use the hidden single technique along the column that contains X.
A: X must be"	5	17054	172334	175184	176594	177404	 7	7	False
24	"Q: Consider a Sudoku grid with the following numbers:
[0 0 0 0 0 0 0 0 0]
[2 3 7 0 0 0 0 0 X]
[0 0 0 6 0 4 0 0 0]
[0 0 0 0 0 0 0 0 0]
[0 0 0 0 0 0 0 0 0]
[0 0 0 0 0 0 6 0 0]
[0 0 0 0 4 0 0 6 0]
[0 0 0 0 0 0 0 0 0]
[0 0 0 0 0 0 4 0 0]
What number must X be?
Hint: use the hidden single technique along the row that contains X.
A: X must be 6

Q: Consider a Sudoku grid with the following numbers:
[0 0 0 0 0 0 0 0 0]
[0 0 0 0 0 0 0 0 5]
[0 0 0 5 0 0 0 9 0]
[0 0 0 9 0 0 0 0 0]
[0 0 0 0 0 0 0 0 0]
[0 0 0 0 0 0 0 0 0]
[0 0 5 0 0 0 0 0 0]
[0 0 9 0 0 0 0 0 0]
[0 0 0 0 2 X 7 4 0]
What number must X be?
Hint: use the hidden single technique along the row that contains X.
A: X must be 5

Q: Consider a Sudoku grid with the following numbers:
[0 0 0 0 0 0 0 0 0]
[0 0 0 2 9 0 0 0 0]
[0 X 3 0 0 0 6 7 0]
[2 0 0 0 0 0 0 0 0]
[0 0 0 0 0 0 0 0 0]
[0 0 0 0 0 0 0 0 9]
[0 0 0 0 0 0 0 0 0]
[0 0 0 0 0 9 0 0 0]
[0 0 0 0 0 0 0 0 2]
What number must X be?
Hint: use the hidden single technique along the row that contains X.
A: X must be 2

Q: Consider a Sudoku grid with the following numbers:
[0 0 0 0 0 2 0 0 0]
[0 0 0 0 0 X 0 0 0]
[0 0 0 0 0 5 0 0 0]
[0 0 0 0 0 0 8 0 0]
[8 0 0 0 0 0 0 6 0]
[0 0 0 0 0 9 0 0 0]
[0 0 0 0 0 0 0 0 0]
[0 0 0 0 0 0 0 0 6]
[0 0 0 8 6 0 0 0 0]
What number must X be?
Hint: use the hidden single technique along the column that contains X.
A: X must be 8

Q: Consider a Sudoku grid with the following numbers:
[0 0 0 0 0 0 0 0 0]
[0 0 0 0 0 0 6 3 0]
[0 0 0 0 0 0 0 0 0]
[0 6 3 0 0 0 0 0 0]
[0 0 0 0 3 0 0 0 1]
[0 0 0 0 0 0 0 0 X]
[0 0 6 0 0 0 0 0 0]
[0 0 0 0 0 0 0 0 4]
[0 0 0 0 0 0 0 0 2]
What number must X be?
Hint: use the hidden single technique along the column that contains X.
A: X must be"	6	285164	177524	179114	180554	181079	 4	4	False
25	"Q: Consider a Sudoku grid with the following numbers:
[0 8 0 0 0 0 0 0 0]
[0 0 0 0 0 0 X 0 0]
[5 0 0 8 0 0 0 0 0]
[0 0 5 0 0 0 3 0 0]
[0 0 0 0 0 0 9 0 0]
[0 0 0 0 0 0 2 0 0]
[0 0 0 0 0 0 0 0 5]
[0 0 0 0 0 0 0 8 0]
[0 0 0 0 0 0 0 0 0]
What number must X be?
Hint: use the hidden single technique along the column that contains X.
A: X must be 8

Q: Consider a Sudoku grid with the following numbers:
[0 0 0 0 0 5 0 0 0]
[0 0 0 0 0 0 X 0 0]
[0 0 0 0 0 0 1 0 0]
[0 0 0 8 0 0 0 0 5]
[0 0 0 0 0 0 0 8 0]
[0 0 0 0 0 0 0 0 0]
[5 0 8 0 0 0 0 0 0]
[0 0 0 0 0 0 7 0 0]
[0 0 0 0 0 0 2 0 0]
What number must X be?
Hint: use the hidden single technique along the column that contains X.
A: X must be 5

Q: Consider a Sudoku grid with the following numbers:
[0 0 0 0 0 6 0 0 0]
[0 0 0 0 0 0 0 0 0]
[0 0 0 4 0 0 0 0 6]
[0 0 0 0 0 0 0 0 4]
[0 0 0 0 3 0 0 0 0]
[0 0 0 0 7 0 0 0 0]
[0 6 0 0 0 0 0 4 0]
[0 0 0 0 1 0 0 0 0]
[0 0 0 0 X 0 0 0 0]
What number must X be?
Hint: use the hidden single technique along the column that contains X.
A: X must be 4

Q: Consider a Sudoku grid with the following numbers:
[0 0 0 0 0 0 2 0 0]
[3 9 5 0 X 0 0 0 0]
[0 0 0 0 0 0 0 4 0]
[0 0 0 0 0 4 0 0 0]
[0 0 0 0 0 0 0 0 2]
[0 0 0 2 0 0 0 0 0]
[0 0 0 4 0 0 0 0 0]
[0 0 0 0 0 0 0 0 0]
[0 0 0 0 0 0 0 0 0]
What number must X be?
Hint: use the hidden single technique along the row that contains X.
A: X must be 4

Q: Consider a Sudoku grid with the following numbers:
[0 0 0 0 0 0 0 0 0]
[6 0 0 0 0 0 0 0 0]
[0 0 0 0 6 0 0 0 0]
[0 0 0 0 0 0 6 0 0]
[0 5 2 X 0 9 0 0 0]
[0 0 0 0 0 0 0 8 0]
[0 0 8 0 0 0 0 0 0]
[0 0 0 0 8 0 0 0 0]
[0 0 0 0 0 0 0 0 0]
What number must X be?
Hint: use the hidden single technique along the row that contains X.
A: X must be"	6	332144	183614	183764	184784	187979	 6	6	True
26	"Q: Consider a Sudoku grid with the following numbers:
[0 0 9 0 0 0 0 0 0]
[0 0 X 0 0 0 0 0 0]
[0 0 2 0 0 0 0 0 0]
[0 3 0 0 0 0 0 0 0]
[0 4 0 0 0 0 0 3 0]
[0 0 0 0 0 0 0 0 0]
[0 0 0 0 0 0 3 0 4]
[0 0 0 0 0 4 0 0 0]
[0 0 1 0 0 0 0 0 0]
What number must X be?
Hint: use the hidden single technique along the column that contains X.
A: X must be 4

Q: Consider a Sudoku grid with the following numbers:
[0 0 0 0 5 0 0 0 0]
[0 0 0 0 0 0 0 0 0]
[0 0 0 0 3 0 0 0 0]
[0 0 0 0 0 0 3 0 0]
[0 0 0 0 0 6 0 0 0]
[0 0 0 0 0 4 0 0 5]
[3 0 0 0 0 0 0 5 0]
[0 0 0 0 0 X 0 0 0]
[0 0 0 0 0 1 0 0 0]
What number must X be?
Hint: use the hidden single technique along the column that contains X.
A: X must be 3

Q: Consider a Sudoku grid with the following numbers:
[8 0 0 0 0 0 0 0 0]
[0 0 0 0 0 0 0 9 6]
[X 0 0 0 0 0 0 0 0]
[7 0 0 0 0 0 0 0 0]
[0 0 0 0 0 0 9 0 0]
[4 0 0 0 0 0 0 0 0]
[0 0 0 6 0 0 0 0 0]
[0 0 0 0 0 0 0 0 0]
[0 9 6 0 0 0 0 0 0]
What number must X be?
Hint: use the hidden single technique along the column that contains X.
A: X must be 9

Q: Consider a Sudoku grid with the following numbers:
[0 6 9 0 0 0 0 0 0]
[0 0 0 3 0 8 5 0 X]
[0 0 0 0 0 0 0 0 0]
[0 0 0 0 0 0 0 0 0]
[0 0 0 0 9 6 0 0 0]
[0 0 0 0 0 0 0 0 0]
[0 0 0 0 6 0 0 0 0]
[0 0 0 0 0 0 0 9 0]
[0 0 0 0 0 0 0 0 0]
What number must X be?
Hint: use the hidden single technique along the row that contains X.
A: X must be 9

Q: Consider a Sudoku grid with the following numbers:
[0 0 0 0 1 0 0 0 0]
[6 9 0 0 0 0 0 0 0]
[0 0 0 0 X 0 0 0 0]
[0 0 0 0 3 0 0 0 0]
[0 0 0 0 0 0 9 0 0]
[0 0 0 0 4 0 0 0 6]
[0 0 0 0 0 0 0 0 0]
[0 0 0 0 0 0 0 0 0]
[0 0 0 6 0 9 0 0 0]
What number must X be?
Hint: use the hidden single technique along the column that contains X.
A: X must be"	9	266654	189749	190919	194039	195179	 8	8	False
27	"Q: Consider a Sudoku grid with the following numbers:
[0 4 0 0 0 0 0 0 0]
[0 6 0 5 0 0 0 0 0]
[0 2 0 0 0 0 0 0 0]
[0 0 0 0 0 0 0 0 0]
[0 0 5 0 0 0 0 0 0]
[0 0 8 0 0 0 0 0 0]
[0 X 0 0 0 0 0 0 0]
[0 0 0 0 0 8 0 0 0]
[0 0 0 0 0 5 8 0 0]
What number must X be?
Hint: use the hidden single technique along the column that contains X.
A: X must be 8

Q: Consider a Sudoku grid with the following numbers:
[0 0 0 0 0 0 0 0 0]
[0 0 0 0 0 0 0 0 1]
[0 0 0 0 0 0 0 0 3]
[0 0 0 0 0 0 0 X 0]
[0 0 0 0 0 3 0 6 0]
[0 0 0 0 0 0 0 2 0]
[0 0 0 0 0 0 0 8 0]
[3 0 0 0 1 0 0 0 0]
[1 0 0 0 0 0 0 0 0]
What number must X be?
Hint: use the hidden single technique along the column that contains X.
A: X must be 1

Q: Consider a Sudoku grid with the following numbers:
[0 0 0 0 0 0 0 0 0]
[0 0 0 0 0 0 0 0 2]
[0 0 0 0 3 0 0 0 0]
[0 0 0 0 2 0 0 0 0]
[0 3 0 0 0 0 0 0 0]
[0 0 0 0 0 0 0 0 0]
[0 0 2 0 0 0 0 0 0]
[0 0 3 0 0 0 0 0 0]
[0 0 0 1 0 X 9 8 0]
What number must X be?
Hint: use the hidden single technique along the row that contains X.
A: X must be 2

Q: Consider a Sudoku grid with the following numbers:
[2 1 0 0 0 0 0 0 0]
[0 0 0 0 0 0 0 0 0]
[0 0 0 0 0 0 0 0 0]
[0 0 0 0 1 0 0 0 0]
[0 2 0 0 0 0 0 0 0]
[0 0 0 0 0 0 0 0 0]
[0 0 0 0 0 0 1 0 0]
[0 0 0 0 0 0 0 2 0]
[0 0 9 8 4 X 0 0 0]
What number must X be?
Hint: use the hidden single technique along the row that contains X.
A: X must be 2

Q: Consider a Sudoku grid with the following numbers:
[0 0 0 0 0 4 0 0 0]
[0 0 0 0 0 0 0 0 0]
[0 0 0 0 0 3 0 0 0]
[0 0 0 0 X 0 0 0 0]
[0 0 0 0 0 0 0 4 3]
[0 0 3 0 0 0 0 0 0]
[0 0 0 0 9 0 0 0 0]
[0 0 0 0 6 0 0 0 0]
[0 0 0 0 7 0 0 0 4]
What number must X be?
Hint: use the hidden single technique along the column that contains X.
A: X must be"	3	107234	196844	197159	198524	198659	 8	8	False
28	"Q: Consider a Sudoku grid with the following numbers:
[0 0 0 0 0 5 0 0 0]
[0 0 4 0 0 0 0 0 0]
[5 0 0 0 0 0 0 0 0]
[0 0 0 0 0 0 5 4 0]
[0 6 0 0 0 0 0 0 0]
[0 3 0 0 0 0 0 0 0]
[0 2 0 0 0 0 0 0 0]
[0 0 0 4 0 0 0 0 0]
[0 X 0 0 0 0 0 0 0]
What number must X be?
Hint: use the hidden single technique along the column that contains X.
A: X must be 4

Q: Consider a Sudoku grid with the following numbers:
[0 0 0 0 0 6 0 0 1]
[0 0 0 0 0 8 0 0 0]
[0 0 7 0 0 0 0 0 0]
[0 0 0 0 1 0 0 0 0]
[0 0 0 0 7 0 0 0 0]
[0 0 0 0 0 0 0 0 0]
[0 1 0 0 0 0 7 0 0]
[0 0 0 0 0 9 0 0 0]
[0 0 0 0 0 X 0 0 0]
What number must X be?
Hint: use the hidden single technique along the column that contains X.
A: X must be 7

Q: Consider a Sudoku grid with the following numbers:
[0 0 0 0 7 0 0 0 0]
[0 0 0 0 0 0 0 0 0]
[0 0 0 0 0 0 0 0 2]
[0 0 0 7 0 0 0 0 0]
[0 4 X 0 0 0 9 5 0]
[0 0 0 0 0 2 0 0 0]
[7 0 0 0 0 0 0 0 0]
[2 0 0 0 0 0 0 0 0]
[0 0 0 0 0 0 0 0 0]
What number must X be?
Hint: use the hidden single technique along the row that contains X.
A: X must be 2

Q: Consider a Sudoku grid with the following numbers:
[0 0 0 0 0 0 8 0 9]
[0 0 0 0 0 0 0 0 0]
[2 4 X 1 0 0 0 0 0]
[0 0 0 0 8 0 0 0 0]
[0 0 0 0 9 0 0 0 0]
[0 0 0 0 0 0 0 0 0]
[0 0 0 0 0 0 0 0 0]
[0 0 0 0 0 0 0 0 0]
[0 0 0 8 0 9 0 0 0]
What number must X be?
Hint: use the hidden single technique along the row that contains X.
A: X must be 9

Q: Consider a Sudoku grid with the following numbers:
[3 0 0 0 0 0 0 0 0]
[6 0 0 0 0 0 0 1 0]
[X 0 0 0 0 0 0 0 0]
[0 1 0 0 0 0 0 0 0]
[0 0 0 0 0 0 0 0 0]
[0 2 0 0 0 0 0 0 0]
[9 0 0 0 0 0 0 0 0]
[0 0 0 0 0 0 0 2 1]
[0 0 0 0 2 0 0 0 0]
What number must X be?
Hint: use the hidden single technique along the column that contains X.
A: X must be"	2	194084	199454	199469	199949	200864	 8	8	False
29	"Q: Consider a Sudoku grid with the following numbers:
[0 0 0 0 0 0 0 2 0]
[0 8 0 0 0 0 0 0 0]
[0 1 0 0 0 0 0 0 0]
[0 5 0 0 0 0 0 0 0]
[0 0 0 0 0 0 6 0 2]
[0 X 0 0 0 0 0 0 0]
[0 0 6 0 0 0 0 0 0]
[2 0 0 6 0 0 0 0 0]
[0 0 0 0 0 0 0 0 0]
What number must X be?
Hint: use the hidden single technique along the column that contains X.
A: X must be 2

Q: Consider a Sudoku grid with the following numbers:
[0 0 0 0 0 0 5 0 0]
[0 0 5 0 0 0 0 0 0]
[0 0 0 0 0 0 0 0 0]
[7 3 0 0 0 0 0 X 4]
[0 0 0 0 0 0 0 0 0]
[0 0 0 5 0 9 0 0 0]
[0 0 0 0 0 0 9 0 0]
[0 0 0 0 0 0 0 0 0]
[0 0 0 9 0 0 0 0 0]
What number must X be?
Hint: use the hidden single technique along the row that contains X.
A: X must be 5

Q: Consider a Sudoku grid with the following numbers:
[0 0 0 0 0 0 3 0 0]
[0 0 0 0 0 0 0 0 0]
[0 0 0 0 0 0 0 8 0]
[0 0 0 1 7 X 0 0 5]
[0 0 8 0 0 0 0 0 0]
[0 3 0 0 0 0 0 0 0]
[0 0 0 0 0 0 0 0 0]
[0 0 0 0 0 0 0 3 0]
[0 0 0 0 0 0 0 0 8]
What number must X be?
Hint: use the hidden single technique along the row that contains X.
A: X must be 3

Q: Consider a Sudoku grid with the following numbers:
[0 0 0 0 9 0 0 0 0]
[7 9 0 0 0 0 0 0 0]
[0 0 0 0 0 0 0 0 0]
[0 0 0 0 0 9 7 0 0]
[0 0 6 0 0 0 0 0 0]
[0 0 X 0 0 0 0 0 0]
[0 0 8 0 0 0 0 0 0]
[0 0 1 0 0 0 0 0 0]
[0 0 0 0 0 0 0 0 7]
What number must X be?
Hint: use the hidden single technique along the column that contains X.
A: X must be 7

Q: Consider a Sudoku grid with the following numbers:
[0 0 0 0 0 0 0 0 0]
[0 0 0 0 0 0 0 0 0]
[0 0 0 0 0 0 8 0 4]
[0 0 0 0 0 0 0 0 0]
[0 4 0 0 0 0 0 0 0]
[0 0 0 0 0 0 0 0 8]
[6 5 X 0 0 0 0 3 0]
[0 0 0 0 0 8 0 0 0]
[0 0 0 0 4 0 0 0 0]
What number must X be?
Hint: use the hidden single technique along the row that contains X.
A: X must be"	8	169364	202499	203909	204734	208124	 7	7	False
30	"Q: Consider a Sudoku grid with the following numbers:
[0 0 0 0 0 0 9 8 0]
[0 0 0 8 0 0 0 0 0]
[0 0 6 0 0 0 0 0 0]
[0 0 2 0 0 0 0 0 0]
[0 0 5 0 0 0 0 0 0]
[0 0 X 0 0 0 0 0 0]
[0 8 0 0 0 0 0 0 0]
[9 0 0 0 0 0 0 0 0]
[0 0 0 0 0 9 0 0 0]
What number must X be?
Hint: use the hidden single technique along the column that contains X.
A: X must be 8

Q: Consider a Sudoku grid with the following numbers:
[0 0 0 0 0 0 0 5 0]
[0 0 0 0 0 0 0 X 0]
[0 0 0 0 0 0 0 6 0]
[0 0 0 0 0 0 0 0 0]
[0 0 0 0 0 0 0 0 8]
[0 0 0 0 0 0 0 0 1]
[8 0 0 0 0 0 0 0 0]
[0 0 0 0 1 0 0 2 0]
[0 0 1 0 0 8 0 0 0]
What number must X be?
Hint: use the hidden single technique along the column that contains X.
A: X must be 8

Q: Consider a Sudoku grid with the following numbers:
[0 0 0 0 0 0 0 0 7]
[0 0 0 0 0 0 0 0 5]
[0 0 0 5 0 0 0 0 0]
[0 0 0 0 0 0 0 0 0]
[0 0 0 0 8 X 1 2 0]
[5 0 7 0 0 0 0 0 0]
[0 0 0 0 0 0 0 0 0]
[0 7 0 0 0 0 0 0 0]
[0 0 0 0 0 0 0 0 0]
What number must X be?
Hint: use the hidden single technique along the row that contains X.
A: X must be 5

Q: Consider a Sudoku grid with the following numbers:
[0 5 0 0 0 0 1 0 0]
[0 0 0 0 X 0 0 0 0]
[0 0 0 0 6 0 0 0 0]
[0 0 0 0 8 0 0 0 0]
[0 1 0 0 0 0 0 0 0]
[5 0 0 0 2 0 0 0 0]
[0 0 0 0 0 0 0 0 0]
[0 0 0 1 0 0 0 0 0]
[0 0 0 0 0 5 0 0 0]
What number must X be?
Hint: use the hidden single technique along the column that contains X.
A: X must be 1

Q: Consider a Sudoku grid with the following numbers:
[0 0 0 0 0 0 3 0 0]
[0 3 0 0 0 0 0 0 0]
[0 1 0 0 0 0 0 0 0]
[0 0 6 0 0 0 0 0 0]
[0 0 0 0 0 1 0 0 0]
[0 0 9 0 0 0 0 0 0]
[0 0 0 3 0 0 0 0 1]
[0 0 2 0 0 0 0 0 0]
[0 0 X 0 0 0 0 0 0]
What number must X be?
Hint: use the hidden single technique along the column that contains X.
A: X must be"	1	242954	208229	212744	213629	215369	 6	6	False
31	"Q: Consider a Sudoku grid with the following numbers:
[0 0 0 0 0 0 0 0 0]
[4 0 0 0 0 0 0 0 0]
[0 0 0 0 0 2 0 0 0]
[0 0 0 0 0 0 0 0 0]
[0 0 0 8 X 0 6 9 0]
[0 4 2 0 0 0 0 0 0]
[0 0 0 0 0 0 0 0 4]
[0 0 0 0 0 0 0 0 2]
[0 0 0 0 0 0 0 0 0]
What number must X be?
Hint: use the hidden single technique along the row that contains X.
A: X must be 2

Q: Consider a Sudoku grid with the following numbers:
[0 0 0 0 3 0 4 0 0]
[0 0 0 0 0 0 8 0 0]
[0 0 0 0 6 0 0 0 0]
[0 4 0 0 0 0 0 8 0]
[0 0 0 0 X 0 0 0 0]
[0 0 0 0 9 0 0 0 0]
[0 0 0 0 0 4 0 0 0]
[0 0 0 8 0 0 0 0 0]
[0 0 0 0 0 0 0 0 0]
What number must X be?
Hint: use the hidden single technique along the column that contains X.
A: X must be 8

Q: Consider a Sudoku grid with the following numbers:
[0 0 0 0 7 0 0 0 0]
[0 0 0 0 0 0 0 0 0]
[0 0 0 5 0 0 0 0 0]
[0 0 0 7 0 0 0 0 0]
[0 0 0 0 0 0 0 0 0]
[0 0 0 0 0 0 0 0 5]
[7 0 5 0 0 0 0 0 0]
[0 0 0 0 0 0 0 0 0]
[0 0 0 0 3 6 9 X 0]
What number must X be?
Hint: use the hidden single technique along the row that contains X.
A: X must be 5

Q: Consider a Sudoku grid with the following numbers:
[0 0 0 0 0 0 0 0 0]
[0 3 0 0 0 0 0 0 8]
[0 0 0 0 0 0 0 0 3]
[0 0 0 3 0 0 0 0 0]
[0 0 0 0 0 8 0 0 0]
[6 0 1 0 0 0 4 X 0]
[0 0 0 0 0 0 0 0 0]
[8 0 0 0 0 0 0 0 0]
[0 0 0 0 0 0 0 0 0]
What number must X be?
Hint: use the hidden single technique along the row that contains X.
A: X must be 3

Q: Consider a Sudoku grid with the following numbers:
[7 8 9 0 0 X 0 0 0]
[0 0 0 0 0 0 5 0 0]
[0 0 0 0 0 0 0 0 3]
[0 0 0 0 0 0 0 5 0]
[0 0 0 3 0 0 0 0 0]
[0 0 0 5 0 0 0 0 0]
[0 0 0 0 3 0 0 0 0]
[0 0 0 0 0 0 0 0 0]
[0 0 0 0 0 0 0 0 0]
What number must X be?
Hint: use the hidden single technique along the row that contains X.
A: X must be"	3	246809	216929	218609	218684	220649	 4	4	False
32	"Q: Consider a Sudoku grid with the following numbers:
[0 0 0 0 0 0 0 0 0]
[0 0 0 0 0 0 9 0 0]
[0 0 0 0 0 0 0 0 0]
[1 3 X 0 0 0 0 2 0]
[0 0 0 0 0 0 0 0 0]
[0 0 0 9 0 6 0 0 0]
[0 0 0 0 0 0 6 0 0]
[0 0 0 0 0 0 0 0 9]
[0 0 0 6 0 0 0 0 0]
What number must X be?
Hint: use the hidden single technique along the row that contains X.
A: X must be 9

Q: Consider a Sudoku grid with the following numbers:
[0 0 0 0 0 9 0 0 0]
[0 0 0 4 0 0 0 0 0]
[3 7 6 0 0 0 0 0 X]
[0 0 0 0 0 0 0 0 0]
[0 0 0 0 0 0 0 0 0]
[0 0 0 0 0 0 0 9 0]
[0 0 0 0 0 0 9 4 0]
[0 0 0 0 0 4 0 0 0]
[0 0 0 0 0 0 0 0 0]
What number must X be?
Hint: use the hidden single technique along the row that contains X.
A: X must be 9

Q: Consider a Sudoku grid with the following numbers:
[0 0 0 0 0 0 0 0 0]
[0 0 0 0 4 5 0 0 0]
[2 0 X 0 0 0 6 8 0]
[0 0 0 0 0 0 0 0 0]
[0 0 0 0 0 0 0 0 0]
[0 0 0 0 0 0 0 0 5]
[0 0 0 0 0 0 0 0 4]
[4 5 0 0 0 0 0 0 0]
[0 0 0 0 0 0 0 0 0]
What number must X be?
Hint: use the hidden single technique along the row that contains X.
A: X must be 5

Q: Consider a Sudoku grid with the following numbers:
[0 0 0 5 0 0 4 0 0]
[0 0 0 0 0 0 5 0 0]
[0 0 0 0 0 0 0 0 0]
[0 0 0 0 0 0 0 0 0]
[0 0 0 0 0 0 0 0 0]
[0 0 0 0 0 0 0 4 0]
[0 0 0 0 6 7 0 3 X]
[0 0 0 0 0 0 0 0 0]
[0 5 4 0 0 0 0 0 0]
What number must X be?
Hint: use the hidden single technique along the row that contains X.
A: X must be 5

Q: Consider a Sudoku grid with the following numbers:
[0 0 0 0 0 4 0 0 0]
[0 0 0 0 0 0 0 0 0]
[0 0 0 0 0 0 0 0 0]
[0 0 0 0 0 2 0 0 0]
[0 0 0 0 0 0 0 0 0]
[4 0 0 0 0 0 0 2 0]
[0 0 0 X 1 0 7 0 3]
[0 0 4 0 0 0 0 0 0]
[2 0 0 0 0 0 0 0 0]
What number must X be?
Hint: use the hidden single technique along the row that contains X.
A: X must be"	2	341909	221129	221639	221849	222089	 8	8	False
33	"Q: Consider a Sudoku grid with the following numbers:
[0 5 0 0 0 0 0 0 0]
[0 9 0 0 0 0 0 0 0]
[0 0 0 X 6 8 0 0 4]
[0 0 0 0 0 0 0 9 0]
[0 0 0 0 0 0 0 0 0]
[0 0 0 0 0 0 5 0 0]
[9 0 0 0 0 0 0 5 0]
[0 0 0 0 0 0 0 0 0]
[0 0 0 0 0 0 0 0 0]
What number must X be?
Hint: use the hidden single technique along the row that contains X.
A: X must be 5

Q: Consider a Sudoku grid with the following numbers:
[0 0 0 0 0 0 0 0 7]
[0 0 0 0 0 0 0 0 9]
[0 0 0 0 0 0 0 0 0]
[0 0 0 0 0 0 0 X 0]
[0 0 0 0 0 0 0 5 0]
[0 0 0 0 0 0 0 4 0]
[0 0 9 7 0 0 0 0 0]
[0 0 0 9 0 0 0 0 0]
[7 0 0 0 0 0 0 8 0]
What number must X be?
Hint: use the hidden single technique along the column that contains X.
A: X must be 9

Q: Consider a Sudoku grid with the following numbers:
[0 0 0 0 0 0 0 0 0]
[0 0 0 0 0 0 0 0 0]
[0 0 8 0 0 0 6 0 0]
[0 0 0 0 8 0 0 0 0]
[X 7 0 0 0 0 3 0 2]
[0 0 0 0 6 0 0 0 0]
[0 0 6 0 0 0 0 0 0]
[0 0 0 0 0 0 0 8 0]
[0 0 0 0 0 0 0 0 0]
What number must X be?
Hint: use the hidden single technique along the row that contains X.
A: X must be 8

Q: Consider a Sudoku grid with the following numbers:
[0 0 0 0 0 0 0 0 0]
[0 0 8 0 0 6 0 0 0]
[0 0 0 0 0 0 0 0 0]
[0 0 0 0 0 0 0 0 0]
[X 0 0 9 4 5 0 0 0]
[0 0 0 0 0 0 8 0 6]
[0 0 6 0 0 0 0 0 0]
[0 0 0 0 0 0 0 0 0]
[0 8 0 0 0 0 0 0 0]
What number must X be?
Hint: use the hidden single technique along the row that contains X.
A: X must be 8

Q: Consider a Sudoku grid with the following numbers:
[0 0 0 1 5 0 0 0 0]
[0 0 0 0 0 0 0 9 0]
[0 0 0 0 0 0 0 4 0]
[0 0 0 5 0 0 0 0 0]
[0 0 0 0 0 0 0 X 0]
[0 0 0 0 0 0 0 3 0]
[0 0 0 0 1 0 5 0 0]
[0 0 0 0 0 0 0 0 1]
[0 0 0 0 0 0 0 0 0]
What number must X be?
Hint: use the hidden single technique along the column that contains X.
A: X must be"	5	90164	228359	231824	232229	232379	 9	9	False
34	"Q: Consider a Sudoku grid with the following numbers:
[0 1 0 0 0 0 0 0 4]
[0 4 0 0 0 0 0 0 0]
[0 0 0 0 0 0 0 0 0]
[0 0 0 4 0 1 0 0 0]
[X 0 0 0 0 0 0 0 0]
[0 0 0 0 0 0 0 0 1]
[3 0 0 0 0 0 0 0 0]
[8 0 0 0 0 0 0 0 0]
[6 0 0 0 0 0 0 0 0]
What number must X be?
Hint: use the hidden single technique along the column that contains X.
A: X must be 1

Q: Consider a Sudoku grid with the following numbers:
[0 0 0 0 0 0 0 0 0]
[0 0 0 3 0 7 0 0 0]
[0 0 0 0 0 0 0 0 0]
[0 0 0 0 8 0 0 0 7]
[0 0 0 0 X 0 0 0 0]
[0 0 0 0 6 0 0 0 0]
[0 0 0 0 0 0 0 3 0]
[0 0 0 0 4 0 0 0 0]
[3 0 0 0 0 0 7 0 0]
What number must X be?
Hint: use the hidden single technique along the column that contains X.
A: X must be 3

Q: Consider a Sudoku grid with the following numbers:
[0 0 0 0 3 0 0 0 0]
[0 0 0 0 0 0 4 0 0]
[0 0 0 0 6 0 0 0 0]
[0 0 0 0 7 0 0 0 0]
[0 0 0 0 X 0 0 0 0]
[0 0 1 0 0 0 0 4 0]
[0 0 0 0 0 4 0 0 0]
[0 1 0 0 0 0 0 0 0]
[0 0 0 1 0 0 0 0 0]
What number must X be?
Hint: use the hidden single technique along the column that contains X.
A: X must be 4

Q: Consider a Sudoku grid with the following numbers:
[0 0 0 0 X 0 0 0 0]
[0 0 0 0 3 0 0 0 0]
[0 7 0 0 6 0 0 0 0]
[0 0 0 0 5 0 0 0 0]
[0 0 0 0 0 0 0 4 0]
[0 4 0 0 0 0 7 0 0]
[0 0 0 0 0 4 0 0 0]
[0 0 0 0 0 0 0 0 0]
[0 0 0 0 0 7 0 0 0]
What number must X be?
Hint: use the hidden single technique along the column that contains X.
A: X must be 4

Q: Consider a Sudoku grid with the following numbers:
[0 7 0 0 0 0 0 0 0]
[0 0 0 0 0 0 0 0 7]
[0 0 0 0 0 0 0 0 6]
[0 0 0 0 0 0 X 0 0]
[0 0 6 0 0 0 0 0 0]
[0 0 0 0 0 0 5 0 0]
[0 0 0 0 0 0 8 0 0]
[0 0 0 0 0 0 1 0 0]
[6 0 0 0 7 0 0 0 0]
What number must X be?
Hint: use the hidden single technique along the column that contains X.
A: X must be"	6	162659	233039	233654	233669	234794	 4	4	False
35	"Q: Consider a Sudoku grid with the following numbers:
[0 0 0 0 0 0 0 0 0]
[1 0 0 0 0 0 0 6 0]
[0 0 0 0 0 0 0 1 0]
[6 0 0 0 0 0 0 0 0]
[0 0 0 5 8 2 X 0 0]
[0 1 0 0 0 0 0 0 0]
[0 0 0 0 0 0 0 0 0]
[0 0 0 0 0 0 0 0 0]
[0 0 0 0 0 0 0 0 6]
What number must X be?
Hint: use the hidden single technique along the row that contains X.
A: X must be 6

Q: Consider a Sudoku grid with the following numbers:
[0 0 0 0 0 0 0 7 5]
[0 0 0 0 0 0 0 0 0]
[0 0 0 0 0 0 0 0 0]
[0 0 0 0 0 0 X 0 0]
[0 0 7 0 0 0 8 0 0]
[0 0 0 0 0 0 9 0 0]
[0 0 0 0 5 7 0 0 0]
[0 0 5 0 0 0 0 0 0]
[0 0 0 0 0 0 3 0 0]
What number must X be?
Hint: use the hidden single technique along the column that contains X.
A: X must be 5

Q: Consider a Sudoku grid with the following numbers:
[X 2 9 0 0 0 4 0 0]
[0 0 0 5 0 0 0 0 0]
[0 0 0 0 0 7 0 0 0]
[0 0 0 0 0 0 0 0 0]
[0 0 0 0 0 0 0 5 0]
[0 0 0 0 0 0 0 0 0]
[0 0 0 0 0 0 0 0 5]
[0 0 0 0 0 0 0 0 7]
[0 7 0 0 0 0 0 0 0]
What number must X be?
Hint: use the hidden single technique along the row that contains X.
A: X must be 5

Q: Consider a Sudoku grid with the following numbers:
[0 5 0 0 9 0 0 0 0]
[0 0 0 0 0 0 0 0 4]
[0 0 0 0 0 0 0 0 3]
[0 0 0 0 0 0 9 0 0]
[0 0 9 0 0 0 5 0 0]
[0 0 0 0 0 0 0 0 0]
[0 0 0 0 0 0 0 0 X]
[0 0 0 5 0 0 0 0 0]
[0 0 0 0 0 0 0 0 2]
What number must X be?
Hint: use the hidden single technique along the column that contains X.
A: X must be 5

Q: Consider a Sudoku grid with the following numbers:
[0 0 0 0 0 0 0 0 0]
[5 0 0 0 0 0 0 0 0]
[0 0 0 9 0 0 0 0 0]
[0 X 7 6 0 8 0 0 0]
[0 0 0 0 0 0 0 9 0]
[0 0 0 0 0 0 5 0 0]
[9 0 0 0 0 0 0 0 0]
[0 0 0 0 5 0 0 0 0]
[0 0 0 0 0 0 0 0 0]
What number must X be?
Hint: use the hidden single technique along the row that contains X.
A: X must be"	5	23429	236519	238934	240104	241004	 4	4	False
36	"Q: Consider a Sudoku grid with the following numbers:
[0 0 0 0 0 0 0 0 0]
[0 0 0 0 0 0 0 1 0]
[0 0 0 0 0 0 0 0 0]
[0 0 9 0 0 0 0 0 0]
[0 0 1 0 9 0 0 0 0]
[0 0 0 0 0 0 0 0 0]
[X 7 0 8 0 3 0 0 0]
[0 0 0 0 0 0 0 0 1]
[0 0 0 0 0 0 0 9 0]
What number must X be?
Hint: use the hidden single technique along the row that contains X.
A: X must be 9

Q: Consider a Sudoku grid with the following numbers:
[0 0 0 0 0 0 0 0 0]
[0 0 0 0 0 0 0 0 8]
[0 8 0 0 0 0 0 3 0]
[0 0 0 0 0 0 0 0 0]
[0 3 0 0 0 0 0 0 0]
[0 0 0 0 0 0 0 0 0]
[0 0 0 0 0 0 0 0 0]
[0 0 0 8 0 3 0 0 0]
[7 0 X 0 0 0 9 0 2]
What number must X be?
Hint: use the hidden single technique along the row that contains X.
A: X must be 3

Q: Consider a Sudoku grid with the following numbers:
[0 0 0 2 0 0 0 0 0]
[0 0 2 6 0 0 0 0 0]
[0 0 0 0 0 0 0 0 0]
[0 0 0 0 1 X 0 5 7]
[0 0 0 0 0 0 0 0 0]
[2 6 0 0 0 0 0 0 0]
[0 0 0 0 0 0 0 0 0]
[0 0 0 0 0 0 6 0 0]
[0 0 0 0 0 0 0 0 0]
What number must X be?
Hint: use the hidden single technique along the row that contains X.
A: X must be 6

Q: Consider a Sudoku grid with the following numbers:
[0 0 0 0 0 0 0 0 6]
[0 0 0 0 0 0 0 0 0]
[0 0 0 0 0 0 7 0 0]
[0 6 0 0 0 0 0 0 0]
[0 0 0 0 0 7 0 8 0]
[0 0 0 0 0 0 0 4 0]
[0 0 0 0 0 0 0 2 0]
[6 7 0 0 0 0 0 0 0]
[0 0 0 0 0 0 0 X 0]
What number must X be?
Hint: use the hidden single technique along the column that contains X.
A: X must be 6

Q: Consider a Sudoku grid with the following numbers:
[0 0 0 0 0 0 0 0 0]
[0 0 0 0 0 0 0 0 6]
[0 0 0 0 0 0 0 7 0]
[0 0 0 0 7 0 0 0 0]
[0 0 0 0 0 0 1 0 0]
[0 7 6 0 0 0 0 0 0]
[0 0 0 0 0 6 2 0 0]
[0 0 0 0 0 0 X 0 0]
[0 0 0 0 0 0 9 0 0]
What number must X be?
Hint: use the hidden single technique along the column that contains X.
A: X must be"	7	356609	241319	241904	242699	242834	 4	4	False
37	"Q: Consider a Sudoku grid with the following numbers:
[0 0 0 9 6 0 0 0 0]
[0 0 6 0 0 0 0 0 0]
[0 0 0 0 0 0 8 0 0]
[0 0 0 0 0 0 0 6 9]
[0 0 0 0 0 0 0 0 0]
[0 0 9 0 0 0 0 0 0]
[0 0 0 0 0 0 1 0 0]
[0 0 0 0 0 0 5 0 0]
[0 0 0 0 0 0 X 0 0]
What number must X be?
Hint: use the hidden single technique along the column that contains X.
A: X must be 6

Q: Consider a Sudoku grid with the following numbers:
[0 0 X 0 0 0 0 0 0]
[0 0 0 0 1 0 0 6 0]
[0 0 0 0 0 0 0 1 0]
[0 0 7 0 0 0 0 0 0]
[0 0 4 6 0 0 0 0 0]
[0 0 5 0 0 0 0 0 0]
[0 1 0 0 0 0 0 0 0]
[0 6 0 0 0 0 0 0 0]
[0 0 0 0 0 0 0 0 0]
What number must X be?
Hint: use the hidden single technique along the column that contains X.
A: X must be 1

Q: Consider a Sudoku grid with the following numbers:
[0 0 0 0 0 0 0 2 0]
[0 0 0 7 0 0 0 0 0]
[0 0 0 2 0 0 0 0 0]
[0 0 7 0 0 0 0 0 0]
[0 0 0 0 0 8 0 0 0]
[0 0 2 0 0 0 0 7 0]
[0 0 0 0 0 X 0 0 0]
[0 0 0 0 0 9 0 0 0]
[0 0 0 0 0 6 0 0 0]
What number must X be?
Hint: use the hidden single technique along the column that contains X.
A: X must be 7

Q: Consider a Sudoku grid with the following numbers:
[0 0 X 0 0 0 0 0 0]
[0 0 0 0 0 0 0 4 0]
[0 0 0 0 4 0 0 9 0]
[0 0 8 9 0 0 0 0 0]
[0 0 6 0 0 0 0 0 0]
[0 0 7 0 0 0 0 0 0]
[0 0 0 0 0 0 0 0 0]
[4 0 0 0 0 0 0 0 0]
[0 9 0 0 0 0 0 0 0]
What number must X be?
Hint: use the hidden single technique along the column that contains X.
A: X must be 4

Q: Consider a Sudoku grid with the following numbers:
[4 0 0 0 0 0 0 0 0]
[0 0 1 0 0 0 0 0 0]
[0 0 0 2 0 0 6 X 9]
[0 0 0 0 0 0 0 0 0]
[0 0 0 0 4 0 0 0 0]
[0 0 0 0 1 0 0 0 0]
[0 0 4 0 0 0 0 0 0]
[0 0 0 0 0 0 0 0 0]
[0 0 0 0 0 1 0 0 0]
What number must X be?
Hint: use the hidden single technique along the row that contains X.
A: X must be"	1	364964	245624	246179	251054	257969	 8	8	False
38	"Q: Consider a Sudoku grid with the following numbers:
[0 0 0 9 0 0 0 0 0]
[0 0 0 1 0 0 0 0 0]
[0 0 0 0 0 0 0 0 0]
[0 1 0 0 0 0 0 0 0]
[0 0 0 0 0 0 0 0 0]
[0 0 0 0 9 0 0 0 0]
[1 0 0 0 0 0 0 0 0]
[0 0 0 0 0 X 3 4 2]
[0 0 9 0 0 0 0 0 0]
What number must X be?
Hint: use the hidden single technique along the row that contains X.
A: X must be 9

Q: Consider a Sudoku grid with the following numbers:
[0 0 0 0 X 0 0 0 0]
[0 0 0 0 1 0 0 0 0]
[4 0 0 0 2 0 0 0 0]
[0 0 0 4 0 0 0 0 0]
[0 0 0 0 0 0 0 0 0]
[0 0 0 5 0 0 0 0 0]
[0 0 0 0 6 0 0 0 0]
[5 0 0 0 0 0 0 0 0]
[0 0 0 0 0 0 5 0 4]
What number must X be?
Hint: use the hidden single technique along the column that contains X.
A: X must be 5

Q: Consider a Sudoku grid with the following numbers:
[3 0 7 6 X 0 0 0 0]
[0 0 0 0 0 0 0 9 0]
[0 0 0 0 0 0 5 0 0]
[0 0 0 0 0 9 0 0 0]
[0 9 0 0 0 0 0 0 0]
[0 0 0 0 0 0 0 0 0]
[0 5 0 0 0 0 0 0 0]
[0 0 0 0 0 0 0 5 0]
[0 0 0 0 0 0 0 0 0]
What number must X be?
Hint: use the hidden single technique along the row that contains X.
A: X must be 9

Q: Consider a Sudoku grid with the following numbers:
[0 0 0 0 0 0 0 0 0]
[0 5 8 0 6 X 0 0 0]
[0 0 0 0 0 0 2 0 7]
[0 0 0 0 0 0 0 0 0]
[0 0 0 2 0 0 0 0 0]
[7 0 0 0 0 0 0 0 0]
[0 0 7 0 0 0 0 0 0]
[0 0 0 0 0 0 0 0 0]
[2 0 0 0 0 0 0 0 0]
What number must X be?
Hint: use the hidden single technique along the row that contains X.
A: X must be 2

Q: Consider a Sudoku grid with the following numbers:
[0 9 0 0 6 0 0 0 0]
[0 0 0 0 0 0 0 X 0]
[0 0 0 0 0 0 0 8 0]
[0 0 0 0 0 0 0 7 0]
[0 0 0 0 9 0 0 0 0]
[0 0 0 0 0 0 0 1 0]
[0 0 0 0 0 0 0 0 9]
[0 0 0 0 0 6 0 0 0]
[0 0 0 0 0 0 6 0 0]
What number must X be?
Hint: use the hidden single technique along the column that contains X.
A: X must be"	9	48464	259994	260879	261824	261959	 4	4	False
39	"Q: Consider a Sudoku grid with the following numbers:
[8 0 0 0 0 0 3 0 0]
[0 0 3 0 0 0 0 0 0]
[0 0 0 6 0 0 0 0 0]
[0 0 0 0 0 0 0 0 0]
[0 0 0 0 0 8 0 0 0]
[0 8 0 0 3 0 0 0 0]
[0 0 0 2 0 0 0 0 0]
[0 0 0 X 0 0 0 0 0]
[0 0 0 9 0 0 0 0 0]
What number must X be?
Hint: use the hidden single technique along the column that contains X.
A: X must be 3

Q: Consider a Sudoku grid with the following numbers:
[0 0 0 2 0 0 0 0 0]
[0 0 0 0 9 0 0 0 0]
[0 0 0 0 0 0 0 0 0]
[0 0 0 0 0 0 0 0 9]
[7 5 3 0 0 X 0 0 0]
[0 0 0 0 0 0 0 0 2]
[0 0 0 9 0 0 0 0 0]
[0 0 0 0 0 0 0 2 0]
[0 0 0 0 0 0 0 0 0]
What number must X be?
Hint: use the hidden single technique along the row that contains X.
A: X must be 9

Q: Consider a Sudoku grid with the following numbers:
[0 0 0 0 0 4 0 0 0]
[0 0 0 0 0 0 0 0 0]
[0 0 0 0 0 0 4 0 6]
[0 0 0 0 0 0 0 0 0]
[0 0 0 8 X 9 0 5 0]
[4 0 6 0 0 0 0 0 0]
[0 0 0 0 0 0 6 0 0]
[0 0 0 0 0 0 0 0 0]
[0 0 0 0 0 0 0 0 0]
What number must X be?
Hint: use the hidden single technique along the row that contains X.
A: X must be 6

Q: Consider a Sudoku grid with the following numbers:
[0 0 0 0 0 0 8 0 0]
[0 0 0 0 0 0 9 0 0]
[0 0 0 0 0 0 0 0 0]
[0 0 0 0 0 0 0 0 0]
[0 0 0 9 0 0 0 0 0]
[0 0 0 0 8 0 0 0 0]
[0 0 0 1 0 X 0 7 3]
[0 9 0 0 0 0 0 0 0]
[0 0 8 0 0 0 0 0 0]
What number must X be?
Hint: use the hidden single technique along the row that contains X.
A: X must be 8

Q: Consider a Sudoku grid with the following numbers:
[0 0 0 0 0 0 5 0 0]
[3 X 6 2 0 0 0 0 0]
[0 0 0 0 0 0 0 0 4]
[0 0 0 0 0 0 0 0 0]
[0 0 0 0 0 4 0 0 0]
[0 0 0 0 0 0 0 0 0]
[0 0 0 0 0 0 0 0 0]
[0 0 0 0 4 0 0 5 0]
[0 0 0 0 5 0 0 0 0]
What number must X be?
Hint: use the hidden single technique along the row that contains X.
A: X must be"	4	263954	264404	268004	268694	270104	 4	4	True
40	"Q: Consider a Sudoku grid with the following numbers:
[0 0 0 0 0 0 0 0 0]
[0 0 0 0 0 0 6 0 0]
[0 0 0 0 0 0 0 0 0]
[0 0 0 0 0 2 0 0 6]
[0 0 0 0 0 0 0 0 0]
[0 0 0 0 0 0 2 0 0]
[5 7 X 0 0 0 0 1 0]
[0 0 0 2 6 0 0 0 0]
[0 0 0 0 0 0 0 0 0]
What number must X be?
Hint: use the hidden single technique along the row that contains X.
A: X must be 6

Q: Consider a Sudoku grid with the following numbers:
[0 0 0 0 3 0 0 0 0]
[0 0 0 0 0 0 0 0 9]
[9 0 5 0 0 0 0 0 0]
[0 0 0 0 0 9 0 0 0]
[0 0 0 0 0 5 0 0 0]
[5 0 0 0 0 0 0 0 0]
[0 0 0 0 2 0 0 0 0]
[0 0 0 0 X 0 0 0 0]
[0 0 0 0 6 0 0 0 0]
What number must X be?
Hint: use the hidden single technique along the column that contains X.
A: X must be 9

Q: Consider a Sudoku grid with the following numbers:
[0 0 0 0 0 2 0 0 0]
[0 0 0 0 0 X 0 0 0]
[0 0 0 0 0 3 0 0 0]
[0 0 0 0 5 0 0 0 0]
[0 0 0 9 0 0 0 0 0]
[0 0 0 0 0 0 0 9 0]
[0 0 0 0 0 1 0 0 0]
[9 0 0 0 0 0 0 5 0]
[0 5 0 0 0 0 0 0 0]
What number must X be?
Hint: use the hidden single technique along the column that contains X.
A: X must be 5

Q: Consider a Sudoku grid with the following numbers:
[0 0 0 0 0 8 0 0 1]
[0 0 0 0 0 1 0 0 0]
[0 0 8 0 0 0 0 0 0]
[0 0 0 0 0 0 1 0 0]
[2 5 0 4 X 0 0 0 0]
[0 0 0 0 0 0 0 8 0]
[0 0 0 0 0 0 0 0 0]
[0 0 0 0 0 0 0 0 0]
[0 0 0 0 0 0 0 0 0]
What number must X be?
Hint: use the hidden single technique along the row that contains X.
A: X must be 8

Q: Consider a Sudoku grid with the following numbers:
[0 0 0 4 0 0 0 0 0]
[0 0 0 0 0 5 0 0 0]
[0 0 0 0 0 0 5 0 0]
[0 0 0 0 8 0 0 0 0]
[4 0 0 0 0 0 0 0 0]
[0 0 0 0 X 0 0 0 0]
[0 0 4 0 0 0 0 5 0]
[0 0 0 0 7 0 0 0 0]
[0 0 0 0 9 0 0 0 0]
What number must X be?
Hint: use the hidden single technique along the column that contains X.
A: X must be"	4	122234	271874	272654	285749	287939	 4	4	True
41	"Q: Consider a Sudoku grid with the following numbers:
[0 0 0 0 1 0 0 0 0]
[0 0 0 3 0 0 0 0 0]
[X 8 4 0 0 0 0 0 5]
[0 0 0 0 0 0 0 0 0]
[0 1 0 0 0 0 0 3 0]
[0 0 0 0 0 0 0 0 0]
[0 0 0 0 0 0 3 0 0]
[0 0 0 0 0 0 0 1 0]
[0 0 0 0 0 0 0 0 0]
What number must X be?
Hint: use the hidden single technique along the row that contains X.
A: X must be 3

Q: Consider a Sudoku grid with the following numbers:
[0 0 0 0 3 5 0 0 0]
[0 0 0 0 0 0 0 X 0]
[0 0 0 0 0 0 0 6 0]
[0 0 5 0 0 0 0 0 0]
[0 0 0 0 0 0 0 4 0]
[0 0 0 0 0 0 0 1 0]
[0 0 0 0 0 0 0 0 0]
[0 0 3 0 0 0 0 0 0]
[0 0 0 0 0 0 5 0 3]
What number must X be?
Hint: use the hidden single technique along the column that contains X.
A: X must be 5

Q: Consider a Sudoku grid with the following numbers:
[0 0 2 0 0 0 0 0 0]
[0 0 0 0 0 0 0 0 0]
[0 0 0 0 0 0 0 0 0]
[0 0 0 0 7 2 0 0 0]
[0 0 0 0 0 0 0 0 0]
[X 6 0 0 0 0 1 4 0]
[0 0 0 7 0 0 0 0 0]
[0 0 0 0 0 0 0 0 0]
[0 0 7 0 0 0 0 0 2]
What number must X be?
Hint: use the hidden single technique along the row that contains X.
A: X must be 2

Q: Consider a Sudoku grid with the following numbers:
[0 0 0 0 1 0 0 0 0]
[5 0 0 0 0 0 0 9 0]
[0 0 0 0 0 0 0 0 5]
[0 0 0 0 X 0 0 0 0]
[0 0 0 0 3 0 0 0 0]
[0 0 0 0 6 0 0 0 0]
[0 0 0 5 0 0 0 0 9]
[0 0 0 0 0 9 0 0 0]
[0 0 0 0 0 0 0 0 0]
What number must X be?
Hint: use the hidden single technique along the column that contains X.
A: X must be 5

Q: Consider a Sudoku grid with the following numbers:
[3 0 0 0 0 0 0 0 0]
[0 0 0 0 0 0 0 0 8]
[0 0 0 0 0 0 0 3 0]
[0 0 0 0 0 0 X 0 0]
[0 0 0 0 8 0 0 0 0]
[0 0 0 0 0 0 2 0 0]
[0 0 0 0 0 0 4 0 0]
[0 0 0 8 0 3 0 0 0]
[0 0 0 0 0 0 1 0 0]
What number must X be?
Hint: use the hidden single technique along the column that contains X.
A: X must be"	8	197534	289949	290459	293369	298619	 6	6	False
42	"Q: Consider a Sudoku grid with the following numbers:
[0 0 8 0 0 2 0 0 0]
[0 0 0 0 0 0 0 X 0]
[0 0 0 0 0 0 0 5 0]
[0 0 0 0 0 0 2 0 0]
[0 0 2 0 0 0 0 0 0]
[0 0 0 0 0 0 8 0 0]
[0 8 0 0 0 0 0 0 0]
[0 0 0 0 0 0 0 1 0]
[0 0 0 0 0 0 0 9 0]
What number must X be?
Hint: use the hidden single technique along the column that contains X.
A: X must be 8

Q: Consider a Sudoku grid with the following numbers:
[0 0 0 0 0 2 0 0 0]
[0 0 0 0 0 0 0 0 0]
[0 0 0 0 0 0 0 2 0]
[2 0 0 0 0 0 0 0 0]
[0 1 0 0 0 0 0 0 0]
[0 0 0 X 3 0 9 0 6]
[0 0 0 0 0 0 0 0 0]
[0 0 0 0 0 0 0 1 0]
[0 0 0 0 1 0 0 0 0]
What number must X be?
Hint: use the hidden single technique along the row that contains X.
A: X must be 2

Q: Consider a Sudoku grid with the following numbers:
[0 0 0 0 0 0 7 0 0]
[0 0 0 0 0 0 X 0 0]
[5 0 0 0 4 0 0 0 0]
[4 0 0 0 0 0 0 0 0]
[0 0 0 0 0 0 0 5 0]
[0 0 0 0 0 0 0 4 0]
[0 0 0 0 0 0 3 0 0]
[0 0 5 0 0 0 0 0 0]
[0 0 0 0 0 0 8 0 0]
What number must X be?
Hint: use the hidden single technique along the column that contains X.
A: X must be 5

Q: Consider a Sudoku grid with the following numbers:
[0 0 0 0 0 0 1 8 0]
[0 0 X 0 0 0 0 0 0]
[0 0 2 0 0 0 0 0 0]
[8 0 0 0 0 0 0 0 0]
[0 1 0 0 0 0 0 0 0]
[0 0 0 0 0 0 0 1 0]
[0 0 5 0 0 0 0 0 0]
[0 0 0 0 0 0 0 0 8]
[0 0 9 0 0 0 0 0 0]
What number must X be?
Hint: use the hidden single technique along the column that contains X.
A: X must be 8

Q: Consider a Sudoku grid with the following numbers:
[0 0 0 0 0 0 0 0 0]
[0 4 0 0 0 5 0 0 0]
[0 0 0 0 0 0 0 0 0]
[0 0 7 X 2 6 0 0 0]
[0 0 0 0 0 0 4 5 0]
[0 0 0 0 0 0 0 0 0]
[0 5 0 0 0 0 0 0 0]
[0 0 0 0 0 0 0 0 0]
[4 0 0 0 0 0 0 0 0]
What number must X be?
Hint: use the hidden single technique along the row that contains X.
A: X must be"	4	147569	302069	302819	304574	306104	 8	8	False
43	"Q: Consider a Sudoku grid with the following numbers:
[0 4 0 0 0 0 6 X 3]
[0 0 0 0 0 2 0 0 0]
[0 0 0 7 0 0 0 0 0]
[7 0 0 0 0 0 0 0 0]
[2 0 0 0 0 0 0 0 0]
[0 0 0 0 0 0 0 0 0]
[0 0 0 0 0 0 0 0 0]
[0 7 2 0 0 0 0 0 0]
[0 0 0 0 0 0 0 0 0]
What number must X be?
Hint: use the hidden single technique along the row that contains X.
A: X must be 2

Q: Consider a Sudoku grid with the following numbers:
[0 0 0 0 0 0 2 0 0]
[1 0 0 8 0 0 0 0 0]
[0 0 0 0 0 0 X 0 0]
[0 0 0 0 0 0 0 1 0]
[0 0 0 0 0 0 0 0 0]
[0 0 0 0 0 0 0 8 0]
[0 0 0 0 0 0 9 0 0]
[8 0 0 0 0 0 7 0 0]
[0 0 0 0 1 0 0 0 0]
What number must X be?
Hint: use the hidden single technique along the column that contains X.
A: X must be 1

Q: Consider a Sudoku grid with the following numbers:
[0 3 0 0 0 0 0 0 0]
[0 X 0 0 0 0 0 0 0]
[0 2 0 4 0 0 0 0 0]
[5 0 0 0 0 0 0 0 0]
[0 0 0 0 0 0 0 0 0]
[0 0 4 0 0 0 0 0 0]
[0 9 0 0 0 0 0 0 0]
[0 0 0 0 5 0 0 0 0]
[0 0 0 0 0 0 0 4 5]
What number must X be?
Hint: use the hidden single technique along the column that contains X.
A: X must be 5

Q: Consider a Sudoku grid with the following numbers:
[0 0 0 0 0 0 4 0 0]
[0 0 0 0 0 0 2 0 0]
[0 0 0 0 0 0 0 0 0]
[0 0 0 2 0 0 0 0 0]
[4 0 0 0 0 0 0 0 0]
[0 0 0 0 0 0 0 0 0]
[0 0 0 4 0 0 0 0 0]
[0 X 3 0 0 0 0 1 8]
[0 0 0 0 2 0 0 0 0]
What number must X be?
Hint: use the hidden single technique along the row that contains X.
A: X must be 4

Q: Consider a Sudoku grid with the following numbers:
[0 0 0 0 0 1 0 5 0]
[0 X 0 0 0 0 0 0 0]
[0 8 0 0 0 0 0 0 0]
[0 4 0 0 0 0 0 0 0]
[0 0 0 0 0 0 1 0 0]
[0 7 0 0 5 0 0 0 0]
[0 0 0 0 0 0 0 0 0]
[1 0 0 0 0 0 0 0 0]
[5 0 0 0 0 0 0 0 0]
What number must X be?
Hint: use the hidden single technique along the column that contains X.
A: X must be"	1	26729	309569	312674	313604	315119	 6	6	False
44	"Q: Consider a Sudoku grid with the following numbers:
[0 0 0 9 4 2 0 X 0]
[0 0 8 0 0 0 0 0 0]
[0 0 1 0 0 0 0 0 0]
[0 1 0 0 0 0 8 0 0]
[0 0 0 0 0 0 0 0 1]
[0 0 0 0 0 0 0 0 0]
[0 0 0 0 0 0 0 0 8]
[0 0 0 0 0 0 0 0 0]
[0 0 0 0 0 0 0 0 0]
What number must X be?
Hint: use the hidden single technique along the row that contains X.
A: X must be 8

Q: Consider a Sudoku grid with the following numbers:
[0 0 0 0 0 0 0 0 0]
[1 6 0 0 0 0 0 0 0]
[0 0 0 8 0 7 0 4 X]
[0 0 0 0 0 0 0 0 0]
[0 0 0 0 0 0 6 0 0]
[0 0 0 0 1 0 0 0 0]
[0 0 0 0 0 0 0 0 0]
[0 0 0 0 6 0 0 1 0]
[0 0 0 0 0 0 0 0 0]
What number must X be?
Hint: use the hidden single technique along the row that contains X.
A: X must be 6

Q: Consider a Sudoku grid with the following numbers:
[2 0 0 0 0 0 0 0 9]
[0 0 0 0 0 0 0 0 0]
[0 0 0 0 0 0 2 0 0]
[0 0 0 0 0 0 0 8 0]
[0 0 0 0 9 0 0 0 0]
[0 0 0 0 0 0 0 X 0]
[0 0 2 0 0 9 0 0 0]
[0 0 0 0 0 0 0 1 0]
[0 0 0 0 0 0 0 3 0]
What number must X be?
Hint: use the hidden single technique along the column that contains X.
A: X must be 9

Q: Consider a Sudoku grid with the following numbers:
[0 0 1 0 0 0 0 0 0]
[2 0 0 0 0 0 0 0 0]
[0 0 0 9 X 3 8 0 0]
[0 0 0 0 0 0 0 0 0]
[0 0 0 0 0 0 0 0 0]
[0 0 0 0 0 0 0 0 1]
[0 0 0 2 0 0 0 1 0]
[0 0 0 0 0 0 0 0 2]
[0 0 0 0 0 0 0 0 0]
What number must X be?
Hint: use the hidden single technique along the row that contains X.
A: X must be 1

Q: Consider a Sudoku grid with the following numbers:
[0 0 0 0 0 0 0 0 0]
[0 0 0 0 0 0 0 0 0]
[0 5 0 0 0 0 9 0 0]
[0 0 0 0 0 0 0 0 0]
[0 0 0 5 0 0 0 0 0]
[0 9 0 0 0 0 0 0 0]
[X 0 4 0 0 0 0 7 1]
[0 0 0 0 0 0 0 0 0]
[0 0 0 9 5 0 0 0 0]
What number must X be?
Hint: use the hidden single technique along the row that contains X.
A: X must be"	9	361274	315749	321734	323714	325439	 8	8	False
45	"Q: Consider a Sudoku grid with the following numbers:
[0 0 0 0 0 4 0 0 0]
[5 0 8 0 0 0 9 X 0]
[0 0 0 2 0 0 0 0 0]
[0 4 0 0 2 0 0 0 0]
[0 0 0 0 0 0 0 0 0]
[0 0 0 0 0 0 0 0 0]
[0 0 0 0 0 0 0 0 4]
[0 0 0 0 0 0 0 0 0]
[0 2 0 0 0 0 0 0 0]
What number must X be?
Hint: use the hidden single technique along the row that contains X.
A: X must be 4

Q: Consider a Sudoku grid with the following numbers:
[0 0 0 0 0 0 0 0 0]
[1 X 0 7 0 8 0 0 0]
[0 0 0 0 0 0 6 4 0]
[0 0 0 0 0 0 0 0 0]
[0 0 4 0 0 0 0 0 0]
[0 0 0 0 0 0 0 0 0]
[0 0 0 0 6 0 0 0 0]
[0 0 0 0 4 0 0 6 0]
[0 0 0 0 0 0 0 0 0]
What number must X be?
Hint: use the hidden single technique along the row that contains X.
A: X must be 4

Q: Consider a Sudoku grid with the following numbers:
[0 0 0 6 0 0 0 0 0]
[X 5 0 0 0 0 7 0 2]
[0 0 0 0 0 8 0 0 0]
[0 0 0 0 0 0 0 0 0]
[0 6 0 0 0 0 0 0 0]
[0 0 0 0 0 0 0 0 0]
[0 0 6 0 0 0 0 8 0]
[0 0 8 0 0 0 0 0 0]
[0 0 0 0 0 0 0 0 0]
What number must X be?
Hint: use the hidden single technique along the row that contains X.
A: X must be 8

Q: Consider a Sudoku grid with the following numbers:
[0 0 0 2 0 0 0 0 0]
[0 0 0 4 0 0 0 0 0]
[0 0 0 0 0 0 0 0 0]
[0 0 0 0 0 X 0 0 0]
[0 0 4 0 0 0 0 0 0]
[0 0 0 0 0 3 0 0 0]
[0 0 0 0 0 8 0 2 0]
[4 0 2 0 0 0 0 0 0]
[0 0 0 0 0 1 0 0 0]
What number must X be?
Hint: use the hidden single technique along the column that contains X.
A: X must be 4

Q: Consider a Sudoku grid with the following numbers:
[0 0 0 0 9 0 0 0 0]
[X 5 4 0 0 0 6 0 0]
[0 0 0 0 7 0 0 0 0]
[0 0 0 0 0 0 0 7 9]
[0 9 0 0 0 0 0 0 0]
[0 0 0 0 0 0 0 0 0]
[0 0 0 0 0 0 0 0 0]
[0 0 0 0 0 0 0 0 7]
[0 0 0 0 0 0 0 0 0]
What number must X be?
Hint: use the hidden single technique along the row that contains X.
A: X must be"	7	131564	330779	337574	338054	343964	 7	7	True
46	"Q: Consider a Sudoku grid with the following numbers:
[0 0 0 0 0 8 0 0 0]
[0 0 0 0 0 0 0 0 2]
[0 0 0 0 0 2 0 0 0]
[2 0 0 0 0 0 0 0 0]
[0 8 0 0 0 0 0 0 0]
[0 0 0 X 0 0 1 4 3]
[0 0 0 0 0 0 0 0 0]
[0 0 0 0 8 0 0 0 0]
[0 0 0 0 0 0 0 0 0]
What number must X be?
Hint: use the hidden single technique along the row that contains X.
A: X must be 8

Q: Consider a Sudoku grid with the following numbers:
[0 8 0 0 0 0 0 0 0]
[0 0 0 0 0 0 0 0 0]
[0 0 2 0 0 0 0 0 0]
[0 0 0 0 0 8 2 0 0]
[4 0 0 0 0 0 0 0 0]
[7 0 0 0 0 0 0 0 0]
[0 0 0 0 0 0 0 8 0]
[X 0 0 0 0 0 0 0 0]
[5 0 0 0 0 0 0 0 2]
What number must X be?
Hint: use the hidden single technique along the column that contains X.
A: X must be 8

Q: Consider a Sudoku grid with the following numbers:
[0 0 0 0 0 0 0 0 0]
[0 0 0 0 0 0 0 0 0]
[0 0 0 0 0 0 0 6 8]
[0 0 0 0 0 0 X 0 0]
[0 0 0 0 0 0 1 0 0]
[0 6 0 8 0 0 0 0 0]
[0 0 0 0 8 0 5 0 0]
[0 0 0 0 0 0 2 0 0]
[6 0 0 0 0 0 0 0 0]
What number must X be?
Hint: use the hidden single technique along the column that contains X.
A: X must be 6

Q: Consider a Sudoku grid with the following numbers:
[0 0 0 0 0 0 0 0 0]
[0 0 0 0 7 3 0 0 0]
[0 0 0 0 0 0 0 0 0]
[0 0 0 0 0 0 0 0 0]
[0 0 0 0 0 0 0 0 0]
[0 0 0 0 3 0 0 7 0]
[X 6 9 4 0 0 0 0 0]
[0 0 0 0 0 0 0 0 3]
[0 0 0 0 0 0 0 0 7]
What number must X be?
Hint: use the hidden single technique along the row that contains X.
A: X must be 3

Q: Consider a Sudoku grid with the following numbers:
[0 0 0 0 9 0 0 0 0]
[8 X 1 0 0 0 7 0 0]
[0 0 0 0 0 4 0 0 0]
[0 0 0 0 0 0 0 0 0]
[0 0 0 0 0 9 0 0 4]
[0 0 0 0 0 0 0 0 0]
[0 0 0 0 0 0 0 4 0]
[0 0 0 0 0 0 0 9 0]
[0 0 0 0 0 0 0 0 0]
What number must X be?
Hint: use the hidden single technique along the row that contains X.
A: X must be"	4	62174	345449	346694	347354	348434	 6	6	False
47	"Q: Consider a Sudoku grid with the following numbers:
[0 0 0 0 8 0 0 0 0]
[0 3 4 0 0 0 0 0 0]
[0 0 0 0 0 0 0 0 4]
[0 0 0 4 0 0 0 0 0]
[0 0 0 3 0 0 0 0 0]
[0 0 0 0 0 0 0 0 0]
[0 0 0 0 X 0 0 0 0]
[0 0 0 0 2 0 3 0 0]
[0 0 0 0 1 0 0 0 0]
What number must X be?
Hint: use the hidden single technique along the column that contains X.
A: X must be 4

Q: Consider a Sudoku grid with the following numbers:
[4 0 2 0 0 0 0 0 0]
[0 0 0 2 0 0 0 0 0]
[0 0 0 0 0 0 0 0 0]
[7 X 0 0 3 9 0 0 0]
[0 0 0 0 0 0 0 2 0]
[0 0 0 0 0 0 0 4 0]
[0 0 0 0 0 0 0 0 0]
[0 0 0 4 0 0 0 0 0]
[0 0 0 0 0 0 0 0 0]
What number must X be?
Hint: use the hidden single technique along the row that contains X.
A: X must be 2

Q: Consider a Sudoku grid with the following numbers:
[0 0 0 0 0 0 0 1 0]
[0 0 0 0 0 0 0 0 9]
[0 0 0 0 0 0 0 0 0]
[0 0 0 1 0 0 0 0 0]
[0 0 0 0 0 0 0 9 0]
[0 0 0 0 0 0 0 0 0]
[0 0 0 0 X 2 8 0 4]
[0 9 0 0 0 0 0 0 0]
[0 0 1 0 0 0 0 0 0]
What number must X be?
Hint: use the hidden single technique along the row that contains X.
A: X must be 1

Q: Consider a Sudoku grid with the following numbers:
[0 0 0 0 0 9 0 0 0]
[0 0 8 0 0 0 0 0 0]
[0 0 0 8 0 0 0 0 0]
[0 0 0 0 5 0 0 0 0]
[0 9 0 0 0 0 0 8 0]
[0 0 0 0 2 0 0 0 0]
[0 0 0 0 X 0 0 0 0]
[9 0 0 0 0 0 0 0 0]
[0 0 0 0 1 0 0 0 0]
What number must X be?
Hint: use the hidden single technique along the column that contains X.
A: X must be 9

Q: Consider a Sudoku grid with the following numbers:
[0 0 0 0 0 3 0 0 0]
[0 1 2 0 0 0 0 0 0]
[0 0 0 0 0 9 0 2 0]
[0 0 0 0 0 6 0 0 0]
[0 0 0 0 0 X 0 0 0]
[0 0 0 0 0 0 1 0 0]
[0 0 0 0 0 0 0 0 0]
[0 0 0 0 0 0 0 0 0]
[0 0 0 2 1 0 0 0 0]
What number must X be?
Hint: use the hidden single technique along the column that contains X.
A: X must be"	1	214079	348899	355844	358229	359354	 8	8	False
48	"Q: Consider a Sudoku grid with the following numbers:
[0 0 0 0 9 0 0 0 0]
[0 0 0 0 7 0 0 0 0]
[0 0 0 0 4 0 0 0 0]
[0 0 0 8 0 0 0 0 0]
[0 1 0 0 0 0 0 0 0]
[0 0 0 1 0 0 0 0 0]
[0 0 0 0 X 0 0 0 0]
[0 0 0 0 0 0 8 0 0]
[8 0 0 0 0 0 0 0 1]
What number must X be?
Hint: use the hidden single technique along the column that contains X.
A: X must be 8

Q: Consider a Sudoku grid with the following numbers:
[1 0 0 0 9 0 0 0 0]
[0 0 0 0 0 0 5 0 0]
[9 0 0 0 0 0 0 0 0]
[0 0 0 0 0 0 0 9 0]
[0 0 0 0 0 0 0 0 0]
[0 0 0 0 0 0 0 1 0]
[0 0 0 0 0 0 X 0 0]
[0 0 1 0 0 0 3 0 0]
[0 0 0 0 0 0 8 0 0]
What number must X be?
Hint: use the hidden single technique along the column that contains X.
A: X must be 9

Q: Consider a Sudoku grid with the following numbers:
[0 0 0 0 0 0 7 0 0]
[0 0 0 0 0 0 0 0 0]
[0 0 0 0 0 0 0 0 0]
[0 8 0 0 0 0 0 0 0]
[0 0 7 0 0 0 0 0 0]
[0 0 0 X 6 1 0 5 0]
[0 0 0 0 0 0 0 0 8]
[0 0 0 0 0 0 0 0 7]
[0 0 0 0 0 8 0 0 0]
What number must X be?
Hint: use the hidden single technique along the row that contains X.
A: X must be 7

Q: Consider a Sudoku grid with the following numbers:
[0 0 0 0 7 0 0 0 0]
[0 0 0 0 0 0 0 0 0]
[0 0 0 0 0 0 0 0 0]
[3 0 0 0 0 0 0 0 0]
[7 0 0 0 0 0 0 0 0]
[0 0 0 X 0 0 6 4 9]
[0 0 0 0 0 0 0 0 3]
[0 0 0 0 3 7 0 0 0]
[0 0 0 0 0 0 0 0 0]
What number must X be?
Hint: use the hidden single technique along the row that contains X.
A: X must be 7

Q: Consider a Sudoku grid with the following numbers:
[0 0 0 0 0 0 0 0 0]
[0 0 3 0 0 0 0 0 0]
[0 0 5 0 0 0 0 0 0]
[6 0 0 0 0 0 0 0 0]
[0 0 0 5 0 0 0 3 0]
[8 0 0 0 0 0 0 0 0]
[X 0 0 0 0 0 0 0 0]
[0 0 0 3 0 0 0 0 0]
[9 0 0 0 5 0 0 0 0]
What number must X be?
Hint: use the hidden single technique along the column that contains X.
A: X must be"	3	250544	359474	360014	360554	361244	 6	6	False
49	"Q: Consider a Sudoku grid with the following numbers:
[0 0 0 0 0 0 0 0 1]
[0 0 0 0 0 0 0 0 6]
[0 0 0 5 0 0 0 0 0]
[0 0 0 0 0 0 0 5 0]
[4 0 0 0 0 0 0 0 0]
[0 0 0 0 0 0 4 0 0]
[0 0 0 0 0 0 0 0 3]
[0 0 0 4 0 5 0 0 0]
[0 0 0 0 0 0 0 0 X]
What number must X be?
Hint: use the hidden single technique along the column that contains X.
A: X must be 5

Q: Consider a Sudoku grid with the following numbers:
[0 0 0 0 0 0 0 0 0]
[0 0 0 7 0 5 0 0 0]
[0 0 0 0 0 0 0 0 0]
[0 0 0 0 X 0 0 0 0]
[0 0 5 0 1 0 0 0 0]
[0 0 0 0 0 0 0 7 0]
[0 0 0 0 6 0 0 0 0]
[0 0 0 0 4 0 0 0 0]
[7 0 0 0 0 0 0 5 0]
What number must X be?
Hint: use the hidden single technique along the column that contains X.
A: X must be 7

Q: Consider a Sudoku grid with the following numbers:
[0 0 0 0 0 0 0 0 0]
[0 0 1 0 0 0 0 0 0]
[0 0 0 0 8 0 0 0 0]
[0 0 0 0 0 8 0 0 0]
[0 0 0 0 0 1 0 0 0]
[0 0 0 0 0 0 0 0 0]
[2 6 9 X 0 0 0 0 0]
[0 0 0 0 0 0 0 0 1]
[0 0 0 0 0 0 8 0 0]
What number must X be?
Hint: use the hidden single technique along the row that contains X.
A: X must be 8

Q: Consider a Sudoku grid with the following numbers:
[5 0 0 0 0 0 0 0 0]
[0 3 0 0 0 0 0 0 0]
[0 0 0 0 0 4 7 X 8]
[0 0 0 0 0 0 0 0 0]
[0 0 3 0 5 0 0 0 0]
[0 0 0 3 0 0 0 0 0]
[0 0 0 0 0 0 0 0 0]
[0 0 0 5 0 0 0 0 0]
[0 0 0 0 0 0 0 0 0]
What number must X be?
Hint: use the hidden single technique along the row that contains X.
A: X must be 5

Q: Consider a Sudoku grid with the following numbers:
[0 0 0 0 0 7 0 0 0]
[0 0 0 0 0 0 0 0 0]
[0 0 0 0 0 3 0 0 0]
[0 0 0 0 1 0 0 0 0]
[3 0 0 0 0 0 0 0 7]
[0 0 0 0 X 0 0 0 0]
[7 0 0 0 5 0 0 0 0]
[0 0 0 0 8 0 0 0 0]
[0 0 0 0 0 0 0 0 3]
What number must X be?
Hint: use the hidden single technique along the column that contains X.
A: X must be"	3	232859	361664	362879	362939	364799	 4	4	False
